filename,x_min,y_min,x_max,y_max,id_gt
NARS-04_000291.JPG,3033,2956,3192,3129,Flower_01
NARS-04_000291.JPG,3630,2932,3795,3084,Flower_02
NARS-04_000297.JPG,2970,2910,3158,3129,Flower_01
NARS-04_000297.JPG,3615,2909,3820,3095,Flower_02
NARS-04_000300.JPG,2960,2910,3160,3129,Flower_01
NARS-04_000300.JPG,3616,2906,3825,3097,Flower_02
NARS-04_000301.JPG,2967,2912,3155,3127,Flower_01
NARS-04_000301.JPG,3613,2907,3826,3102,Flower_02
NARS-04_000307.JPG,3628,2943,3864,3134,Flower_02
NARS-04_000307.JPG,3022,2912,3222,3147,Flower_01
NARS-04_000307.JPG,2177,388,2330,529,Flower_03
NARS-04_000308.JPG,2257,1351,2374,1460,Flower_04
NARS-04_000308.JPG,3014,2905,3231,3167,Flower_01
NARS-04_000308.JPG,3622,2954,3859,3156,Flower_02
NARS-04_000308.JPG,2177,388,2330,529,Flower_03
NARS-04_000310.JPG,2113,344,2307,537,Flower_03
NARS-04_000310.JPG,2252,1368,2389,1478,Flower_04
NARS-04_000310.JPG,3613,2968,3860,3183,Flower_02
NARS-04_000310.JPG,2991,2905,3238,3188,Flower_01
NARS-04_000313.JPG,2042,316,2338,587,Flower_03
NARS-04_000313.JPG,2206,1319,2470,1549,Flower_04
NARS-04_000313.JPG,5,3254,163,3418,Flower_05
NARS-04_000313.JPG,2935,2900,3230,3216,Flower_01
NARS-04_000313.JPG,3581,2951,3892,3212,Flower_02
NARS-04_000315.JPG,2036,302,2331,570,Flower_03
NARS-04_000315.JPG,2200,1285,2475,1542,Flower_04
NARS-04_000315.JPG,3569,2962,3847,3226,Flower_02
NARS-04_000315.JPG,2927,2906,3218,3219,Flower_01
NARS-04_000315.JPG,0,3234,186,3417,Flower_05
NARS-04_000318.JPG,2027,293,2327,570,Flower_03
NARS-04_000318.JPG,2192,1270,2474,1542,Flower_04
NARS-04_000318.JPG,3590,2960,3862,3199,Flower_02
NARS-04_000318.JPG,2988,2909,3273,3209,Flower_01
NARS-04_000318.JPG,1,3245,185,3420,Flower_05
NARS-04_000328.JPG,1,3254,175,3416,Flower_05
NARS-04_000328.JPG,2973,2924,3243,3212,Flower_01
NARS-04_000328.JPG,3581,2985,3850,3216,Flower_02
NARS-04_000328.JPG,2022,299,2323,582,Flower_03
NARS-04_000328.JPG,2187,1281,2473,1538,Flower_04
NARS-04_000332.JPG,2034,300,2320,575,Flower_03
NARS-04_000332.JPG,2190,1291,2468,1539,Flower_04
NARS-04_000332.JPG,2999,2922,3271,3203,Flower_01
NARS-04_000332.JPG,3586,2973,3851,3201,Flower_02
NARS-04_000332.JPG,1,3254,175,3416,Flower_05
NARS-04_000333.JPG,2995,2914,3273,3210,Flower_01
NARS-04_000333.JPG,3590,2968,3859,3199,Flower_02
NARS-04_000333.JPG,2190,1290,2471,1543,Flower_04
NARS-04_000333.JPG,2029,292,2328,578,Flower_03
NARS-04_000333.JPG,1,3254,175,3416,Flower_05
NARS-04_000335.JPG,2039,295,2336,573,Flower_03
NARS-04_000335.JPG,2186,1295,2465,1548,Flower_04
NARS-04_000335.JPG,-1,3275,170,3419,Flower_05
NARS-04_000335.JPG,3005,2904,3281,3202,Flower_01
NARS-04_000335.JPG,3602,2968,3869,3201,Flower_02
NARS-04_000336.JPG,2049,294,2351,585,Flower_03
NARS-04_000336.JPG,2177,1282,2465,1550,Flower_04
NARS-04_000336.JPG,2993,2898,3276,3200,Flower_01
NARS-04_000336.JPG,3604,2962,3878,3202,Flower_02
NARS-04_000339.JPG,2041,296,2339,578,Flower_03
NARS-04_000339.JPG,2155,1278,2445,1532,Flower_04
NARS-04_000339.JPG,2985,2894,3256,3194,Flower_01
NARS-04_000339.JPG,3612,2972,3866,3200,Flower_02
NARS-04_000342.JPG,2040,293,2339,579,Flower_03
NARS-04_000342.JPG,2155,1275,2452,1543,Flower_04
NARS-04_000342.JPG,2985,2909,3264,3204,Flower_01
NARS-04_000342.JPG,3602,2974,3864,3203,Flower_02
NARS-04_000342.JPG,1177,562,1294,673,Flower_06
NARS-04_000347.JPG,2029,297,2326,575,Flower_03
NARS-04_000347.JPG,1133,564,1298,689,Flower_06
NARS-04_000347.JPG,2147,1281,2458,1553,Flower_04
NARS-04_000347.JPG,2993,2907,3265,3213,Flower_01
NARS-04_000347.JPG,3584,2987,3852,3220,Flower_02
NARS-04_000348.JPG,1138,566,1301,689,Flower_06
NARS-04_000348.JPG,2026,293,2326,579,Flower_03
NARS-04_000348.JPG,2147,1286,2460,1550,Flower_04
NARS-04_000348.JPG,2990,2913,3269,3217,Flower_01
NARS-04_000348.JPG,3586,2981,3848,3221,Flower_02
NARS-04_000352.JPG,1135,574,1300,695,Flower_06
NARS-04_000352.JPG,2152,1290,2458,1557,Flower_04
NARS-04_000352.JPG,2020,303,2325,577,Flower_03
NARS-04_000352.JPG,3012,2920,3293,3215,Flower_01
NARS-04_000352.JPG,3571,3003,3850,3230,Flower_02
NARS-04_000355.JPG,1163,567,1368,733,Flower_06
NARS-04_000355.JPG,2058,328,2359,620,Flower_03
NARS-04_000355.JPG,2165,1290,2464,1551,Flower_04
NARS-04_000355.JPG,2998,2946,3279,3238,Flower_01
NARS-04_000355.JPG,3626,3024,3908,3241,Flower_02
NARS-04_000357.JPG,2047,311,2332,596,Flower_03
NARS-04_000357.JPG,2157,1280,2444,1528,Flower_04
NARS-04_000357.JPG,2971,2910,3243,3191,Flower_01
NARS-04_000357.JPG,3608,3003,3873,3222,Flower_02
NARS-04_000357.JPG,1114,520,1342,730,Flower_06
NARS-04_000369.JPG,2853,2886,3126,3177,Flower_01
NARS-04_000369.JPG,3601,2990,3872,3212,Flower_02
NARS-04_000369.JPG,2179,1283,2481,1552,Flower_04
NARS-04_000369.JPG,1999,287,2297,578,Flower_03
NARS-04_000369.JPG,1059,447,1347,707,Flower_06
NARS-04_000371.JPG,1064,435,1342,710,Flower_06
NARS-04_000371.JPG,2002,296,2292,577,Flower_03
NARS-04_000371.JPG,2183,1294,2482,1555,Flower_04
NARS-04_000371.JPG,2836,2896,3104,3178,Flower_01
NARS-04_000371.JPG,3611,3007,3855,3215,Flower_02
NARS-04_000372.JPG,1058,430,1335,715,Flower_06
NARS-04_000372.JPG,2005,294,2310,584,Flower_03
NARS-04_000372.JPG,2181,1288,2482,1559,Flower_04
NARS-04_000372.JPG,2832,2887,3101,3188,Flower_01
NARS-04_000372.JPG,3611,2996,3868,3218,Flower_02
NARS-04_000376.JPG,1039,419,1317,705,Flower_06
NARS-04_000376.JPG,2019,286,2327,578,Flower_03
NARS-04_000376.JPG,2191,1302,2494,1569,Flower_04
NARS-04_000376.JPG,2138,1016,2252,1150,Flower_07
NARS-04_000376.JPG,2051,2873,2176,3001,Flower_08
NARS-04_000376.JPG,2889,2859,3167,3144,Flower_01
NARS-04_000376.JPG,3614,2975,3878,3196,Flower_02
NARS-04_000377.JPG,1051,439,1345,729,Flower_06
NARS-04_000377.JPG,2051,2873,2177,3016,Flower_08
NARS-04_000377.JPG,2909,2872,3197,3163,Flower_01
NARS-04_000377.JPG,2190,1312,2489,1574,Flower_04
NARS-04_000377.JPG,2145,1023,2266,1146,Flower_07
NARS-04_000377.JPG,2008,284,2324,579,Flower_03
NARS-04_000377.JPG,3620,2984,3881,3201,Flower_02
NARS-04_000377.JPG,2,3213,100,3370,Flower_09
NARS-04_000381.JPG,2045,2910,2203,3098,Flower_08
NARS-04_000381.JPG,2900,2935,3182,3230,Flower_01
NARS-04_000381.JPG,3624,3025,3886,3242,Flower_02
NARS-04_000381.JPG,2020,324,2327,624,Flower_03
NARS-04_000381.JPG,2140,1015,2289,1156,Flower_07
NARS-04_000381.JPG,2170,1314,2480,1579,Flower_04
NARS-04_000381.JPG,-2,3239,128,3418,Flower_09
NARS-04_000381.JPG,1017,478,1298,778,Flower_06
NARS-04_000382.JPG,601,310,760,483,Flower_10
NARS-04_000382.JPG,1020,512,1301,796,Flower_06
NARS-04_000382.JPG,2006,322,2307,625,Flower_03
NARS-04_000382.JPG,2116,1015,2256,1172,Flower_07
NARS-04_000382.JPG,2162,1325,2472,1585,Flower_04
NARS-04_000382.JPG,0,3227,99,3415,Flower_09
NARS-04_000382.JPG,2004,2893,2187,3105,Flower_08
NARS-04_000382.JPG,2869,2906,3146,3212,Flower_01
NARS-04_000382.JPG,3605,3011,3867,3235,Flower_02
NARS-04_000383.JPG,2017,321,2302,606,Flower_03
NARS-04_000383.JPG,2152,1332,2439,1580,Flower_04
NARS-04_000383.JPG,2853,2917,3124,3192,Flower_01
NARS-04_000383.JPG,3608,3003,3873,3222,Flower_02
NARS-04_000383.JPG,1019,508,1287,774,Flower_06
NARS-04_000383.JPG,1980,2904,2181,3116,Flower_08
NARS-04_000383.JPG,571,306,744,479,Flower_10
NARS-04_000383.JPG,2124,1024,2249,1160,Flower_07
NARS-04_000388.JPG,506,205,779,490,Flower_10
NARS-04_000388.JPG,843,304,1083,556,Flower_11
NARS-04_000388.JPG,3700,2220,3976,2432,Flower_12
NARS-04_000388.JPG,1955,1764,2094,1898,Flower_13
NARS-04_000388.JPG,1030,464,1327,752,Flower_06
NARS-04_000388.JPG,2003,321,2301,628,Flower_03
NARS-04_000388.JPG,2112,983,2269,1169,Flower_07
NARS-04_000388.JPG,2160,1281,2470,1557,Flower_04
NARS-04_000388.JPG,1911,2827,2205,3135,Flower_08
NARS-04_000388.JPG,1,3125,107,3405,Flower_09
NARS-04_000388.JPG,2859,2940,3135,3225,Flower_01
NARS-04_000388.JPG,3605,2971,3867,3188,Flower_02
NARS-04_000389.JPG,2029,339,2314,624,Flower_03
NARS-04_000389.JPG,2188,1301,2475,1549,Flower_04
NARS-04_000389.JPG,3719,2231,3980,2441,Flower_12
NARS-04_000389.JPG,2853,2917,3124,3192,Flower_01
NARS-04_000389.JPG,3595,2967,3860,3186,Flower_02
NARS-04_000389.JPG,1042,477,1330,755,Flower_06
NARS-04_000389.JPG,1925,2820,2195,3114,Flower_08
NARS-04_000389.JPG,513,217,771,488,Flower_10
NARS-04_000389.JPG,860,312,1098,567,Flower_11
NARS-04_000389.JPG,2136,998,2277,1169,Flower_07
NARS-04_000389.JPG,1983,1767,2100,1899,Flower_13
NARS-04_000389.JPG,1,3125,107,3405,Flower_09
NARS-04_000391.JPG,500,204,776,491,Flower_10
NARS-04_000391.JPG,848,303,1118,578,Flower_11
NARS-04_000391.JPG,3595,2959,3851,3168,Flower_02
NARS-04_000391.JPG,3706,2235,3983,2448,Flower_12
NARS-04_000391.JPG,1060,478,1370,768,Flower_06
NARS-04_000391.JPG,-1,3128,105,3418,Flower_09
NARS-04_000391.JPG,1916,2827,2213,3140,Flower_08
NARS-04_000391.JPG,2834,2935,3117,3218,Flower_01
NARS-04_000391.JPG,1978,1756,2110,1912,Flower_13
NARS-04_000391.JPG,2189,1302,2489,1570,Flower_04
NARS-04_000391.JPG,2122,997,2281,1176,Flower_07
NARS-04_000391.JPG,2015,338,2326,647,Flower_03
NARS-04_000393.JPG,0,3119,120,3410,Flower_09
NARS-04_000393.JPG,1897,2821,2200,3138,Flower_08
NARS-04_000393.JPG,847,284,1117,589,Flower_11
NARS-04_000393.JPG,503,214,789,502,Flower_10
NARS-04_000393.JPG,2828,2934,3116,3227,Flower_01
NARS-04_000393.JPG,3596,2951,3861,3179,Flower_02
NARS-04_000393.JPG,3706,2225,3995,2460,Flower_12
NARS-04_000393.JPG,1986,1755,2111,1914,Flower_13
NARS-04_000393.JPG,2186,1296,2492,1570,Flower_04
NARS-04_000393.JPG,2116,983,2284,1178,Flower_07
NARS-04_000393.JPG,2011,334,2328,654,Flower_03
NARS-04_000393.JPG,1063,488,1402,782,Flower_06
NARS-04_000394.JPG,506,207,783,492,Flower_10
NARS-04_000394.JPG,850,299,1121,578,Flower_11
NARS-04_000394.JPG,1983,1751,2114,1911,Flower_13
NARS-04_000394.JPG,3707,2237,3983,2452,Flower_12
NARS-04_000394.JPG,1077,488,1388,779,Flower_06
NARS-04_000394.JPG,0,3133,113,3411,Flower_09
NARS-04_000394.JPG,1908,2817,2194,3124,Flower_08
NARS-04_000394.JPG,2835,2947,3105,3225,Flower_01
NARS-04_000394.JPG,3600,2963,3855,3172,Flower_02
NARS-04_000394.JPG,2014,346,2324,655,Flower_03
NARS-04_000394.JPG,2129,993,2278,1177,Flower_07
NARS-04_000394.JPG,2190,1306,2488,1565,Flower_04
NARS-04_000395.JPG,507,203,780,489,Flower_10
NARS-04_000395.JPG,849,291,1121,581,Flower_11
NARS-04_000395.JPG,2191,1308,2490,1565,Flower_04
NARS-04_000395.JPG,1984,1759,2113,1903,Flower_13
NARS-04_000395.JPG,1071,494,1391,787,Flower_06
NARS-04_000395.JPG,1,3136,118,3408,Flower_09
NARS-04_000395.JPG,1908,2808,2197,3129,Flower_08
NARS-04_000395.JPG,2826,2945,3105,3226,Flower_01
NARS-04_000395.JPG,3598,2964,3857,3177,Flower_02
NARS-04_000395.JPG,3709,2240,3984,2454,Flower_12
NARS-04_000395.JPG,2007,344,2316,656,Flower_03
NARS-04_000395.JPG,2124,999,2288,1172,Flower_07
NARS-04_000396.JPG,494,202,792,490,Flower_10
NARS-04_000396.JPG,839,289,1123,576,Flower_11
NARS-04_000396.JPG,3592,2960,3858,3177,Flower_02
NARS-04_000396.JPG,3703,2235,3995,2462,Flower_12
NARS-04_000396.JPG,1075,498,1389,787,Flower_06
NARS-04_000396.JPG,2016,345,2330,663,Flower_03
NARS-04_000396.JPG,2120,991,2281,1183,Flower_07
NARS-04_000396.JPG,2187,1303,2528,1572,Flower_04
NARS-04_000396.JPG,1982,1748,2115,1912,Flower_13
NARS-04_000396.JPG,0,3118,105,3416,Flower_09
NARS-04_000396.JPG,1899,2811,2189,3122,Flower_08
NARS-04_000396.JPG,2820,2943,3110,3230,Flower_01
NARS-04_000397.JPG,509,212,783,486,Flower_10
NARS-04_000397.JPG,846,292,1118,572,Flower_11
NARS-04_000397.JPG,3603,2968,3853,3177,Flower_02
NARS-04_000397.JPG,3705,2246,3978,2451,Flower_12
NARS-04_000397.JPG,1079,500,1386,785,Flower_06
NARS-04_000397.JPG,0,3141,109,3418,Flower_09
NARS-04_000397.JPG,1899,2805,2180,3114,Flower_08
NARS-04_000397.JPG,1986,1755,2113,1907,Flower_13
NARS-04_000397.JPG,2196,1311,2486,1569,Flower_04
NARS-04_000397.JPG,2123,999,2276,1173,Flower_07
NARS-04_000397.JPG,2018,357,2321,662,Flower_03
NARS-04_000397.JPG,2829,2951,3099,3232,Flower_01
NARS-04_000405.JPG,485,190,775,483,Flower_10
NARS-04_000405.JPG,854,281,1123,560,Flower_11
NARS-04_000405.JPG,2035,340,2340,634,Flower_03
NARS-04_000405.JPG,2136,988,2288,1164,Flower_07
NARS-04_000405.JPG,1033,478,1326,762,Flower_06
NARS-04_000405.JPG,3,3093,110,3394,Flower_09
NARS-04_000405.JPG,1932,2812,2230,3112,Flower_08
NARS-04_000405.JPG,2820,2930,3098,3206,Flower_01
NARS-04_000405.JPG,3620,2969,3874,3181,Flower_02
NARS-04_000405.JPG,3740,2243,4003,2439,Flower_12
NARS-04_000405.JPG,1955,1774,2098,1939,Flower_13
NARS-04_000405.JPG,2207,1321,2495,1582,Flower_04
NARS-04_000408.JPG,452,233,713,493,Flower_10
NARS-04_000408.JPG,784,311,1065,577,Flower_11
NARS-04_000408.JPG,3583,2986,3832,3191,Flower_02
NARS-04_000408.JPG,987,542,1264,814,Flower_06
NARS-04_000408.JPG,2000,348,2288,648,Flower_03
NARS-04_000408.JPG,2080,1001,2243,1183,Flower_07
NARS-04_000408.JPG,2196,1336,2491,1589,Flower_04
NARS-04_000408.JPG,1899,1773,2063,1968,Flower_13
NARS-04_000408.JPG,3746,2241,3997,2438,Flower_12
NARS-04_000408.JPG,1866,2869,2147,3151,Flower_08
NARS-04_000408.JPG,2810,2976,3077,3242,Flower_01
NARS-04_000410.JPG,437,198,720,483,Flower_10
NARS-04_000410.JPG,754,249,1068,546,Flower_11
NARS-04_000410.JPG,3583,2980,3833,3188,Flower_02
NARS-04_000410.JPG,3722,2212,3992,2414,Flower_12
NARS-04_000410.JPG,987,467,1277,737,Flower_06
NARS-04_000410.JPG,1734,600,1885,722,Flower_14
NARS-04_000410.JPG,1987,315,2289,613,Flower_03
NARS-04_000410.JPG,2130,1262,2425,1539,Flower_04
NARS-04_000410.JPG,1902,1728,2107,1955,Flower_13
NARS-04_000410.JPG,1894,2829,2203,3145,Flower_08
NARS-04_000410.JPG,2064,978,2243,1177,Flower_07
NARS-04_000410.JPG,2821,2953,3085,3224,Flower_01
NARS-04_000410.JPG,1,3125,107,3405,Flower_09
NARS-04_000419.JPG,422,212,701,500,Flower_10
NARS-04_000419.JPG,765,244,1086,542,Flower_11
NARS-04_000419.JPG,3597,2964,3843,3171,Flower_02
NARS-04_000419.JPG,3726,2204,3990,2415,Flower_12
NARS-04_000419.JPG,958,440,1247,758,Flower_06
NARS-04_000419.JPG,1872,2829,2170,3136,Flower_08
NARS-04_000419.JPG,1863,1736,2095,1985,Flower_13
NARS-04_000419.JPG,2121,1267,2421,1544,Flower_04
NARS-04_000419.JPG,2071,978,2249,1172,Flower_07
NARS-04_000419.JPG,1683,565,1872,729,Flower_14
NARS-04_000419.JPG,1980,309,2277,607,Flower_03
NARS-04_000419.JPG,2836,2954,3117,3217,Flower_01
NARS-04_000421.JPG,429,224,701,495,Flower_10
NARS-04_000421.JPG,766,255,1081,542,Flower_11
NARS-04_000421.JPG,3597,2966,3843,3176,Flower_02
NARS-04_000421.JPG,3721,2207,3991,2414,Flower_12
NARS-04_000421.JPG,958,498,1232,763,Flower_06
NARS-04_000421.JPG,1681,576,1874,731,Flower_14
NARS-04_000421.JPG,1977,317,2260,625,Flower_03
NARS-04_000421.JPG,2061,971,2241,1173,Flower_07
NARS-04_000421.JPG,2127,1275,2413,1543,Flower_04
NARS-04_000421.JPG,1869,1753,2097,1991,Flower_13
NARS-04_000421.JPG,1863,2842,2151,3148,Flower_08
NARS-04_000421.JPG,2841,2952,3102,3207,Flower_01
NARS-04_000426.JPG,466,246,771,526,Flower_10
NARS-04_000426.JPG,867,306,1182,600,Flower_11
NARS-04_000426.JPG,2874,2972,3146,3235,Flower_01
NARS-04_000426.JPG,3642,2977,3888,3188,Flower_02
NARS-04_000426.JPG,3786,2218,4045,2440,Flower_12
NARS-04_000426.JPG,1047,528,1360,799,Flower_06
NARS-04_000426.JPG,1706,573,1912,754,Flower_14
NARS-04_000426.JPG,1997,312,2316,641,Flower_03
NARS-04_000426.JPG,2120,1005,2308,1204,Flower_07
NARS-04_000426.JPG,2141,1318,2446,1582,Flower_04
NARS-04_000426.JPG,1903,1793,2198,2054,Flower_13
NARS-04_000426.JPG,-1,3173,129,3418,Flower_09
NARS-04_000426.JPG,1970,2897,2303,3185,Flower_08
NARS-04_000433.JPG,405,236,714,519,Flower_10
NARS-04_000433.JPG,768,307,1104,605,Flower_11
NARS-04_000433.JPG,963,2168,1206,2421,Flower_16
NARS-04_000433.JPG,1211,2401,1429,2690,Flower_17
NARS-04_000433.JPG,1856,2855,2150,3163,Flower_08
NARS-04_000433.JPG,2796,2959,3075,3225,Flower_01
NARS-04_000433.JPG,3601,2995,3837,3199,Flower_02
NARS-04_000433.JPG,3713,2327,3988,2522,Flower_12
NARS-04_000433.JPG,944,512,1223,769,Flower_06
NARS-04_000433.JPG,1657,550,1927,776,Flower_14
NARS-04_000433.JPG,1964,308,2253,609,Flower_03
NARS-04_000433.JPG,2002,1001,2207,1218,Flower_07
NARS-04_000433.JPG,2104,1302,2408,1562,Flower_04
NARS-04_000433.JPG,1790,1738,2056,2061,Flower_13
NARS-04_000433.JPG,2233,2062,2470,2267,Flower_18
NARS-04_000433.JPG,1323,1996,1563,2274,Flower_15
NARS-04_000434.JPG,420,240,719,525,Flower_10
NARS-04_000434.JPG,793,304,1125,608,Flower_11
NARS-04_000434.JPG,1227,2407,1434,2702,Flower_17
NARS-04_000434.JPG,2213,2056,2465,2263,Flower_18
NARS-04_000434.JPG,3706,2312,3977,2514,Flower_12
NARS-04_000434.JPG,3594,2986,3875,3193,Flower_02
NARS-04_000434.JPG,2798,2964,3065,3221,Flower_01
NARS-04_000434.JPG,1872,2845,2180,3157,Flower_08
NARS-04_000434.JPG,988,526,1283,789,Flower_06
NARS-04_000434.JPG,1642,549,1931,782,Flower_14
NARS-04_000434.JPG,1964,319,2249,626,Flower_03
NARS-04_000434.JPG,2000,994,2200,1213,Flower_07
NARS-04_000434.JPG,2105,1306,2400,1558,Flower_04
NARS-04_000434.JPG,1800,1732,2066,2044,Flower_13
NARS-04_000434.JPG,1313,1987,1566,2270,Flower_15
NARS-04_000434.JPG,954,2170,1212,2426,Flower_16
NARS-04_000438.JPG,418,198,730,518,Flower_10
NARS-04_000438.JPG,780,272,1104,586,Flower_11
NARS-04_000438.JPG,1304,1968,1576,2274,Flower_15
NARS-04_000438.JPG,952,2152,1238,2426,Flower_16
NARS-04_000438.JPG,1190,2452,1442,2734,Flower_17
NARS-04_000438.JPG,1882,2800,2218,3116,Flower_08
NARS-04_000438.JPG,2818,2996,3092,3248,Flower_01
NARS-04_000438.JPG,3620,2980,3856,3200,Flower_02
NARS-04_000438.JPG,3704,2322,3986,2538,Flower_12
NARS-04_000438.JPG,982,536,1310,818,Flower_06
NARS-04_000438.JPG,1644,546,1956,774,Flower_14
NARS-04_000438.JPG,1954,332,2272,658,Flower_03
NARS-04_000438.JPG,1982,996,2190,1220,Flower_07
NARS-04_000438.JPG,2088,1292,2400,1562,Flower_04
NARS-04_000438.JPG,1800,1702,2088,2034,Flower_13
NARS-04_000438.JPG,2236,2066,2520,2306,Flower_18
NARS-04_000441.JPG,411,215,735,501,Flower_10
NARS-04_000441.JPG,789,286,1109,580,Flower_11
NARS-04_000441.JPG,2004,1006,2195,1221,Flower_07
NARS-04_000441.JPG,1650,546,1938,775,Flower_14
NARS-04_000441.JPG,1971,351,2269,652,Flower_03
NARS-04_000441.JPG,2824,3006,3095,3246,Flower_01
NARS-04_000441.JPG,3714,2328,3985,2538,Flower_12
NARS-04_000441.JPG,3629,2995,3860,3200,Flower_02
NARS-04_000441.JPG,1015,549,1308,814,Flower_06
NARS-04_000441.JPG,965,2169,1243,2427,Flower_16
NARS-04_000441.JPG,1199,2448,1438,2717,Flower_17
NARS-04_000441.JPG,1319,2005,1584,2276,Flower_15
NARS-04_000441.JPG,1904,2810,2234,3120,Flower_08
NARS-04_000441.JPG,2226,2065,2522,2301,Flower_18
NARS-04_000441.JPG,1781,1711,2075,2030,Flower_13
NARS-04_000441.JPG,2093,1290,2391,1554,Flower_04
NARS-04_000444.JPG,422,214,745,506,Flower_10
NARS-04_000444.JPG,809,297,1132,597,Flower_11
NARS-04_000444.JPG,2234,2070,2521,2306,Flower_18
NARS-04_000444.JPG,1777,1718,2084,2035,Flower_13
NARS-04_000444.JPG,1908,2806,2231,3127,Flower_08
NARS-04_000444.JPG,2830,3005,3097,3251,Flower_01
NARS-04_000444.JPG,3626,2984,3861,3211,Flower_02
NARS-04_000444.JPG,3713,2326,3992,2545,Flower_12
NARS-04_000444.JPG,1017,551,1321,825,Flower_06
NARS-04_000444.JPG,1656,551,1944,785,Flower_14
NARS-04_000444.JPG,1968,362,2265,664,Flower_03
NARS-04_000444.JPG,1996,1017,2196,1229,Flower_07
NARS-04_000444.JPG,2091,1299,2396,1561,Flower_04
NARS-04_000444.JPG,976,2176,1247,2434,Flower_16
NARS-04_000444.JPG,1317,2009,1591,2280,Flower_15
NARS-04_000444.JPG,1196,2450,1430,2720,Flower_17
NARS-04_000445.JPG,1985,386,2270,671,Flower_03
NARS-04_000445.JPG,2099,1313,2386,1554,Flower_04
NARS-04_000445.JPG,3716,2353,3976,2546,Flower_12
NARS-04_000445.JPG,1674,567,1944,783,Flower_14
NARS-04_000445.JPG,1356,2005,1610,2283,Flower_15
NARS-04_000445.JPG,989,2201,1245,2435,Flower_16
NARS-04_000445.JPG,1194,2470,1437,2713,Flower_17
NARS-04_000445.JPG,2245,2072,2517,2297,Flower_18
NARS-04_000445.JPG,2838,3028,3088,3259,Flower_01
NARS-04_000445.JPG,3638,3005,3860,3208,Flower_02
NARS-04_000445.JPG,1050,580,1338,834,Flower_06
NARS-04_000445.JPG,1930,2831,2239,3126,Flower_08
NARS-04_000445.JPG,437,222,750,503,Flower_10
NARS-04_000445.JPG,827,316,1139,604,Flower_11
NARS-04_000445.JPG,1994,1054,2182,1230,Flower_07
NARS-04_000445.JPG,1806,1742,2080,2041,Flower_13
NARS-04_000447.JPG,429,229,763,517,Flower_10
NARS-04_000447.JPG,862,331,1167,621,Flower_11
NARS-04_000447.JPG,1015,2242,1294,2481,Flower_16
NARS-04_000447.JPG,1200,2471,1442,2726,Flower_17
NARS-04_000447.JPG,3706,2371,3973,2566,Flower_12
NARS-04_000447.JPG,1915,2836,2241,3149,Flower_08
NARS-04_000447.JPG,2831,3036,3093,3274,Flower_01
NARS-04_000447.JPG,3640,3005,3872,3216,Flower_02
NARS-04_000447.JPG,1065,579,1373,846,Flower_06
NARS-04_000447.JPG,1669,571,1948,793,Flower_14
NARS-04_000447.JPG,1982,384,2282,683,Flower_03
NARS-04_000447.JPG,1985,1032,2186,1240,Flower_07
NARS-04_000447.JPG,2086,1304,2388,1555,Flower_04
NARS-04_000447.JPG,1811,1755,2086,2065,Flower_13
NARS-04_000447.JPG,2241,2061,2526,2299,Flower_18
NARS-04_000447.JPG,1367,2016,1645,2296,Flower_15
NARS-04_000447.JPG,2143,2351,2322,2477,Flower_19
NARS-04_000452.JPG,442,240,776,527,Flower_10
NARS-04_000452.JPG,820,313,1132,608,Flower_11
NARS-04_000452.JPG,1815,1780,2112,2078,Flower_13
NARS-04_000452.JPG,2091,1311,2384,1562,Flower_04
NARS-04_000452.JPG,2018,1030,2217,1239,Flower_07
NARS-04_000452.JPG,1660,557,1941,780,Flower_14
NARS-04_000452.JPG,1976,381,2271,679,Flower_03
NARS-04_000452.JPG,3641,2995,3860,3203,Flower_02
NARS-04_000452.JPG,3734,2331,4005,2543,Flower_12
NARS-04_000452.JPG,1057,557,1356,820,Flower_06
NARS-04_000452.JPG,1216,2472,1460,2723,Flower_17
NARS-04_000452.JPG,977,2174,1223,2418,Flower_16
NARS-04_000452.JPG,1322,2005,1587,2277,Flower_15
NARS-04_000452.JPG,1914,2847,2239,3154,Flower_08
NARS-04_000452.JPG,2809,3039,3073,3272,Flower_01
NARS-04_000452.JPG,2143,2319,2322,2445,Flower_19
NARS-04_000452.JPG,2254,2061,2526,2300,Flower_18
NARS-04_000461.JPG,377,201,694,487,Flower_10
NARS-04_000461.JPG,706,282,1029,571,Flower_11
NARS-04_000461.JPG,1179,2516,1454,2781,Flower_17
NARS-04_000461.JPG,1831,2851,2126,3163,Flower_08
NARS-04_000461.JPG,2032,2275,2340,2586,Flower_19
NARS-04_000461.JPG,2166,2059,2464,2367,Flower_18
NARS-04_000461.JPG,2771,3098,3005,3293,Flower_01
NARS-04_000461.JPG,3577,2997,3778,3192,Flower_02
NARS-04_000461.JPG,3692,2187,3968,2424,Flower_12
NARS-04_000461.JPG,940,500,1215,772,Flower_06
NARS-04_000461.JPG,1601,550,1889,805,Flower_14
NARS-04_000461.JPG,1916,325,2175,626,Flower_03
NARS-04_000461.JPG,1971,1021,2172,1245,Flower_07
NARS-04_000461.JPG,2098,1294,2386,1543,Flower_04
NARS-04_000461.JPG,1762,1682,2051,1987,Flower_13
NARS-04_000461.JPG,1163,1944,1426,2239,Flower_15
NARS-04_000461.JPG,876,2169,1154,2447,Flower_16
NARS-04_000462.JPG,381,193,707,488,Flower_10
NARS-04_000462.JPG,713,282,1036,566,Flower_11
NARS-04_000462.JPG,1169,2509,1437,2779,Flower_17
NARS-04_000462.JPG,1833,2848,2143,3168,Flower_08
NARS-04_000462.JPG,2779,3093,3014,3292,Flower_01
NARS-04_000462.JPG,2169,2049,2463,2369,Flower_18
NARS-04_000462.JPG,2033,2274,2346,2586,Flower_19
NARS-04_000462.JPG,3578,2992,3782,3196,Flower_02
NARS-04_000462.JPG,3696,2184,3976,2423,Flower_12
NARS-04_000462.JPG,942,502,1224,782,Flower_06
NARS-04_000462.JPG,1604,556,1902,808,Flower_14
NARS-04_000462.JPG,1914,332,2182,637,Flower_03
NARS-04_000462.JPG,1971,1016,2176,1245,Flower_07
NARS-04_000462.JPG,2101,1294,2392,1549,Flower_04
NARS-04_000462.JPG,1762,1676,2064,1981,Flower_13
NARS-04_000462.JPG,1164,1937,1435,2242,Flower_15
NARS-04_000462.JPG,872,2164,1160,2448,Flower_16
NARS-04_000464.JPG,384,199,710,481,Flower_10
NARS-04_000464.JPG,717,281,1040,566,Flower_11
NARS-04_000464.JPG,1161,2504,1431,2771,Flower_17
NARS-04_000464.JPG,1843,2850,2152,3160,Flower_08
NARS-04_000464.JPG,2030,2279,2348,2584,Flower_19
NARS-04_000464.JPG,2168,2054,2458,2366,Flower_18
NARS-04_000464.JPG,2794,3088,3021,3283,Flower_01
NARS-04_000464.JPG,3584,2996,3788,3195,Flower_02
NARS-04_000464.JPG,3696,2181,3977,2418,Flower_12
NARS-04_000464.JPG,952,496,1245,775,Flower_06
NARS-04_000464.JPG,1605,562,1904,810,Flower_14
NARS-04_000464.JPG,1928,331,2194,636,Flower_03
NARS-04_000464.JPG,1975,1016,2173,1235,Flower_07
NARS-04_000464.JPG,2102,1297,2388,1547,Flower_04
NARS-04_000464.JPG,1776,1673,2084,1982,Flower_13
NARS-04_000464.JPG,1173,1951,1446,2245,Flower_15
NARS-04_000464.JPG,877,2164,1165,2444,Flower_16
NARS-04_000465.JPG,368,181,688,471,Flower_10
NARS-04_000465.JPG,679,280,1000,571,Flower_11
NARS-04_000465.JPG,1753,1675,2052,1983,Flower_13
NARS-04_000465.JPG,2094,1289,2385,1553,Flower_04
NARS-04_000465.JPG,1959,1016,2160,1239,Flower_07
NARS-04_000465.JPG,1165,1940,1431,2243,Flower_15
NARS-04_000465.JPG,2769,3058,2989,3251,Flower_01
NARS-04_000465.JPG,3574,2994,3772,3178,Flower_02
NARS-04_000465.JPG,3693,2179,3968,2425,Flower_12
NARS-04_000465.JPG,893,445,1184,785,Flower_06
NARS-04_000465.JPG,1608,560,1897,806,Flower_14
NARS-04_000465.JPG,1913,353,2166,648,Flower_03
NARS-04_000465.JPG,863,2131,1146,2419,Flower_16
NARS-04_000465.JPG,1143,2496,1416,2781,Flower_17
NARS-04_000465.JPG,1796,2803,2091,3143,Flower_08
NARS-04_000465.JPG,2018,2276,2326,2581,Flower_19
NARS-04_000465.JPG,2156,2050,2434,2365,Flower_18
NARS-04_000470.JPG,292,198,591,511,Flower_10
NARS-04_000470.JPG,535,261,868,592,Flower_11
NARS-04_000470.JPG,1957,2252,2200,2529,Flower_19
NARS-04_000470.JPG,2092,2043,2335,2374,Flower_18
NARS-04_000470.JPG,3640,2182,3926,2405,Flower_12
NARS-04_000470.JPG,5433,35,5557,140,Flower_20
NARS-04_000470.JPG,812,414,1077,691,Flower_06
NARS-04_000470.JPG,1528,598,1814,827,Flower_14
NARS-04_000470.JPG,1858,965,2072,1219,Flower_07
NARS-04_000470.JPG,1694,1696,2022,1959,Flower_13
NARS-04_000470.JPG,1105,1966,1355,2263,Flower_15
NARS-04_000470.JPG,785,2248,1030,2511,Flower_16
NARS-04_000470.JPG,1082,2457,1336,2720,Flower_17
NARS-04_000470.JPG,1728,2893,2014,3176,Flower_08
NARS-04_000472.JPG,855,298,1049,538,Flower_06
NARS-04_000472.JPG,1787,2737,2009,2993,Flower_08
NARS-04_000472.JPG,1088,2405,1308,2675,Flower_17
NARS-04_000472.JPG,1980,2211,2186,2500,Flower_19
NARS-04_000472.JPG,2098,2050,2336,2318,Flower_18
NARS-04_000472.JPG,5454,2,5579,89,Flower_20
NARS-04_000472.JPG,283,90,543,363,Flower_10
NARS-04_000472.JPG,539,189,837,444,Flower_11
NARS-04_000472.JPG,1855,965,2039,1189,Flower_07
NARS-04_000472.JPG,1716,1573,1966,1834,Flower_13
NARS-04_000472.JPG,3643,2159,3876,2361,Flower_12
NARS-04_000472.JPG,1526,579,1764,789,Flower_14
NARS-04_000472.JPG,1090,1945,1294,2205,Flower_15
NARS-04_000472.JPG,740,2175,950,2427,Flower_16
NARS-04_000474.JPG,901,437,1115,656,Flower_06
NARS-04_000474.JPG,1777,2842,1999,3098,Flower_08
NARS-04_000474.JPG,1098,2465,1318,2705,Flower_17
NARS-04_000474.JPG,1986,2227,2192,2516,Flower_19
NARS-04_000474.JPG,2116,2058,2361,2326,Flower_18
NARS-04_000474.JPG,5455,12,5583,127,Flower_20
NARS-04_000474.JPG,303,189,586,450,Flower_10
NARS-04_000474.JPG,559,294,857,549,Flower_11
NARS-04_000474.JPG,1855,980,2039,1195,Flower_07
NARS-04_000474.JPG,1733,1619,2003,1899,Flower_13
NARS-04_000474.JPG,3643,2205,3886,2407,Flower_12
NARS-04_000474.JPG,1537,575,1792,785,Flower_14
NARS-04_000474.JPG,1090,1961,1307,2221,Flower_15
NARS-04_000474.JPG,737,2155,947,2418,Flower_16
NARS-04_000475.JPG,306,198,599,477,Flower_10
NARS-04_000475.JPG,611,299,905,567,Flower_11
NARS-04_000475.JPG,1733,1656,2016,1946,Flower_13
NARS-04_000475.JPG,1811,981,2052,1209,Flower_07
NARS-04_000475.JPG,3654,2210,3905,2411,Flower_12
NARS-04_000475.JPG,5458,6,5603,140,Flower_20
NARS-04_000475.JPG,929,444,1162,672,Flower_06
NARS-04_000475.JPG,1556,583,1845,809,Flower_14
NARS-04_000475.JPG,726,2149,955,2415,Flower_16
NARS-04_000475.JPG,1088,1973,1303,2241,Flower_15
NARS-04_000475.JPG,1091,2469,1335,2720,Flower_17
NARS-04_000475.JPG,1815,2874,2064,3137,Flower_08
NARS-04_000475.JPG,1995,2246,2236,2531,Flower_19
NARS-04_000475.JPG,2133,2050,2403,2351,Flower_18
NARS-04_000478.JPG,298,249,599,504,Flower_10
NARS-04_000478.JPG,667,330,958,593,Flower_11
NARS-04_000478.JPG,1990,2275,2240,2557,Flower_19
NARS-04_000478.JPG,2138,2088,2406,2377,Flower_18
NARS-04_000478.JPG,3692,2256,3948,2464,Flower_12
NARS-04_000478.JPG,5504,25,5647,160,Flower_20
NARS-04_000478.JPG,934,544,1168,768,Flower_06
NARS-04_000478.JPG,1576,596,1864,829,Flower_14
NARS-04_000478.JPG,1918,1014,2105,1231,Flower_07
NARS-04_000478.JPG,1727,1715,1997,2004,Flower_13
NARS-04_000478.JPG,1090,1984,1329,2250,Flower_15
NARS-04_000478.JPG,719,2161,952,2444,Flower_16
NARS-04_000478.JPG,1098,2486,1332,2728,Flower_17
NARS-04_000478.JPG,1790,2924,2014,3153,Flower_08
NARS-04_000481.JPG,313,237,619,500,Flower_10
NARS-04_000481.JPG,706,319,996,589,Flower_11
NARS-04_000481.JPG,2133,2042,2407,2330,Flower_18
NARS-04_000481.JPG,2429,1923,2592,2036,Flower_21
NARS-04_000481.JPG,2011,2263,2260,2533,Flower_19
NARS-04_000481.JPG,3701,2239,3945,2439,Flower_12
NARS-04_000481.JPG,5473,1,5634,106,Flower_20
NARS-04_000481.JPG,954,516,1156,727,Flower_06
NARS-04_000481.JPG,1125,2480,1371,2717,Flower_17
NARS-04_000481.JPG,715,2144,944,2402,Flower_16
NARS-04_000481.JPG,1804,2872,2020,3105,Flower_08
NARS-04_000481.JPG,1103,1994,1346,2254,Flower_15
NARS-04_000481.JPG,1583,558,1869,784,Flower_14
NARS-04_000481.JPG,1920,1004,2099,1217,Flower_07
NARS-04_000481.JPG,1726,1693,1988,1976,Flower_13
NARS-04_000481.JPG,191,2554,320,2664,Flower_22
NARS-04_000482.JPG,309,207,609,477,Flower_10
NARS-04_000482.JPG,708,304,998,571,Flower_11
NARS-04_000482.JPG,2402,1917,2581,2046,Flower_21
NARS-04_000482.JPG,1774,2862,1988,3111,Flower_08
NARS-04_000482.JPG,182,2560,311,2670,Flower_22
NARS-04_000482.JPG,3655,2221,3913,2421,Flower_12
NARS-04_000482.JPG,5428,1,5606,101,Flower_20
NARS-04_000482.JPG,1556,522,1842,754,Flower_14
NARS-04_000482.JPG,1867,998,2057,1218,Flower_07
NARS-04_000482.JPG,1688,1699,1949,1996,Flower_13
NARS-04_000482.JPG,1068,1984,1307,2252,Flower_15
NARS-04_000482.JPG,705,2139,940,2401,Flower_16
NARS-04_000482.JPG,1103,2485,1346,2726,Flower_17
NARS-04_000482.JPG,2008,2280,2259,2560,Flower_19
NARS-04_000482.JPG,2110,2047,2377,2339,Flower_18
NARS-04_000485.JPG,295,197,593,469,Flower_10
NARS-04_000485.JPG,700,292,986,564,Flower_11
NARS-04_000485.JPG,2005,2259,2251,2531,Flower_19
NARS-04_000485.JPG,1796,2832,1968,3069,Flower_08
NARS-04_000485.JPG,1091,2470,1333,2705,Flower_17
NARS-04_000485.JPG,157,2556,300,2661,Flower_22
NARS-04_000485.JPG,3656,2222,3913,2412,Flower_12
NARS-04_000485.JPG,1565,536,1843,764,Flower_14
NARS-04_000485.JPG,5432,1,5607,81,Flower_20
NARS-04_000485.JPG,1869,1003,2048,1222,Flower_07
NARS-04_000485.JPG,1690,1672,1941,1961,Flower_13
NARS-04_000485.JPG,1062,1967,1285,2233,Flower_15
NARS-04_000485.JPG,709,2147,942,2404,Flower_16
NARS-04_000485.JPG,2387,1918,2583,2047,Flower_21
NARS-04_000485.JPG,2111,2047,2379,2330,Flower_18
NARS-04_000486.JPG,317,230,619,480,Flower_10
NARS-04_000486.JPG,755,324,1032,567,Flower_11
NARS-04_000486.JPG,3677,2235,3932,2418,Flower_12
NARS-04_000486.JPG,2023,2254,2262,2522,Flower_19
NARS-04_000486.JPG,2126,2044,2384,2320,Flower_18
NARS-04_000486.JPG,2395,1902,2584,2028,Flower_21
NARS-04_000486.JPG,1692,1715,1938,1981,Flower_13
NARS-04_000486.JPG,1586,544,1874,755,Flower_14
NARS-04_000486.JPG,5480,3,5645,125,Flower_20
NARS-04_000486.JPG,1885,1009,2066,1228,Flower_07
NARS-04_000486.JPG,717,2151,949,2404,Flower_16
NARS-04_000486.JPG,1071,2020,1284,2263,Flower_15
NARS-04_000486.JPG,1105,2493,1334,2710,Flower_17
NARS-04_000486.JPG,159,2554,308,2660,Flower_22
NARS-04_000486.JPG,1806,2876,1994,3103,Flower_08
NARS-04_000488.JPG,287,209,623,483,Flower_10
NARS-04_000488.JPG,725,284,1039,572,Flower_11
NARS-04_000488.JPG,1671,1704,1928,1984,Flower_13
NARS-04_000488.JPG,1876,1002,2078,1227,Flower_07
NARS-04_000488.JPG,3672,2243,3941,2441,Flower_12
NARS-04_000488.JPG,5420,-1,5609,94,Flower_20
NARS-04_000488.JPG,1578,538,1865,771,Flower_14
NARS-04_000488.JPG,708,2156,939,2416,Flower_16
NARS-04_000488.JPG,1059,2001,1288,2258,Flower_15
NARS-04_000488.JPG,1119,2484,1366,2736,Flower_17
NARS-04_000488.JPG,1826,2872,1995,3113,Flower_08
NARS-04_000488.JPG,2012,2282,2273,2553,Flower_19
NARS-04_000488.JPG,2123,2067,2396,2329,Flower_18
NARS-04_000488.JPG,2378,1901,2586,2044,Flower_21
NARS-04_000488.JPG,159,2536,309,2660,Flower_22
NARS-04_000490.JPG,1886,2895,2060,3127,Flower_08
NARS-04_000490.JPG,350,220,661,493,Flower_10
NARS-04_000490.JPG,2052,2341,2304,2599,Flower_19
NARS-04_000490.JPG,2185,2111,2438,2379,Flower_18
NARS-04_000490.JPG,5455,5,5628,148,Flower_20
NARS-04_000490.JPG,2391,1933,2588,2078,Flower_21
NARS-04_000490.JPG,151,2535,319,2660,Flower_22
NARS-04_000490.JPG,773,294,1062,560,Flower_11
NARS-04_000490.JPG,1914,1021,2108,1236,Flower_07
NARS-04_000490.JPG,1730,1718,2000,1998,Flower_13
NARS-04_000490.JPG,3704,2256,3947,2448,Flower_12
NARS-04_000490.JPG,1601,552,1900,776,Flower_14
NARS-04_000490.JPG,1090,2014,1328,2274,Flower_15
NARS-04_000490.JPG,707,2164,936,2427,Flower_16
NARS-04_000490.JPG,1179,2517,1422,2757,Flower_17
NARS-04_000496.JPG,457,411,767,651,Flower_10
NARS-04_000496.JPG,917,314,1201,587,Flower_11
NARS-04_000496.JPG,2052,2396,2351,2673,Flower_19
NARS-04_000496.JPG,1826,2940,2069,3195,Flower_08
NARS-04_000496.JPG,3727,2253,4007,2481,Flower_12
NARS-04_000496.JPG,5371,61,5597,263,Flower_20
NARS-04_000496.JPG,133,2494,303,2621,Flower_22
NARS-04_000496.JPG,1619,586,1947,843,Flower_14
NARS-04_000496.JPG,1956,1051,2160,1288,Flower_07
NARS-04_000496.JPG,1663,1805,1925,2103,Flower_13
NARS-04_000496.JPG,1031,2104,1279,2346,Flower_15
NARS-04_000496.JPG,695,2224,959,2501,Flower_16
NARS-04_000496.JPG,1175,2566,1450,2808,Flower_17
NARS-04_000496.JPG,2362,1916,2588,2088,Flower_21
NARS-04_000496.JPG,2160,2107,2440,2413,Flower_18
NARS-04_000497.JPG,464,432,769,661,Flower_10
NARS-04_000497.JPG,928,320,1197,582,Flower_11
NARS-04_000497.JPG,2175,2100,2445,2402,Flower_18
NARS-04_000497.JPG,2372,1927,2591,2089,Flower_21
NARS-04_000497.JPG,3737,2242,4006,2469,Flower_12
NARS-04_000497.JPG,5381,42,5602,240,Flower_20
NARS-04_000497.JPG,143,2496,316,2627,Flower_22
NARS-04_000497.JPG,1630,594,1945,844,Flower_14
NARS-04_000497.JPG,1959,1068,2149,1289,Flower_07
NARS-04_000497.JPG,1674,1815,1926,2094,Flower_13
NARS-04_000497.JPG,1049,2119,1282,2351,Flower_15
NARS-04_000497.JPG,704,2226,955,2498,Flower_16
NARS-04_000497.JPG,1181,2564,1449,2797,Flower_17
NARS-04_000497.JPG,1829,2939,2057,3184,Flower_08
NARS-04_000497.JPG,2058,2404,2342,2671,Flower_19
NARS-04_000501.JPG,876,318,1169,572,Flower_11
NARS-04_000501.JPG,424,400,741,645,Flower_10
NARS-04_000501.JPG,2088,2082,2355,2375,Flower_18
NARS-04_000501.JPG,2352,1918,2579,2095,Flower_21
NARS-04_000501.JPG,3746,2273,4011,2494,Flower_12
NARS-04_000501.JPG,5453,3,5667,139,Flower_20
NARS-04_000501.JPG,1810,2894,2009,3155,Flower_08
NARS-04_000501.JPG,1530,533,1838,782,Flower_14
NARS-04_000501.JPG,1921,1065,2125,1289,Flower_07
NARS-04_000501.JPG,1635,1789,1859,2091,Flower_13
NARS-04_000501.JPG,1036,2097,1298,2336,Flower_15
NARS-04_000501.JPG,687,2203,936,2474,Flower_16
NARS-04_000501.JPG,149,2507,328,2632,Flower_22
NARS-04_000501.JPG,1194,2548,1472,2794,Flower_17
NARS-04_000501.JPG,2008,2349,2250,2638,Flower_19
NARS-04_000503.JPG,431,443,713,672,Flower_10
NARS-04_000503.JPG,878,330,1166,613,Flower_11
NARS-04_000503.JPG,2288,1942,2519,2111,Flower_21
NARS-04_000503.JPG,3822,2336,4055,2554,Flower_12
NARS-04_000503.JPG,1902,1099,2112,1343,Flower_07
NARS-04_000503.JPG,5374,49,5592,249,Flower_20
NARS-04_000503.JPG,149,2506,321,2639,Flower_22
NARS-04_000503.JPG,1423,563,1649,783,Flower_14
NARS-04_000503.JPG,1552,1806,1791,2087,Flower_13
NARS-04_000503.JPG,1005,2153,1229,2390,Flower_15
NARS-04_000503.JPG,700,2213,962,2481,Flower_16
NARS-04_000503.JPG,1197,2608,1460,2826,Flower_17
NARS-04_000503.JPG,1717,2914,1935,3171,Flower_08
NARS-04_000503.JPG,1935,2418,2177,2675,Flower_19
NARS-04_000503.JPG,2013,2100,2230,2368,Flower_18
NARS-04_000508.JPG,403,466,684,690,Flower_10
NARS-04_000508.JPG,921,463,1201,723,Flower_11
NARS-04_000508.JPG,1935,2488,2176,2751,Flower_19
NARS-04_000508.JPG,1984,2206,2208,2474,Flower_18
NARS-04_000508.JPG,2253,1942,2457,2130,Flower_21
NARS-04_000508.JPG,3835,2361,4047,2560,Flower_12
NARS-04_000508.JPG,5411,3,5605,81,Flower_20
NARS-04_000508.JPG,1402,613,1621,848,Flower_14
NARS-04_000508.JPG,1900,1118,2090,1342,Flower_07
NARS-04_000508.JPG,1531,1826,1768,2103,Flower_13
NARS-04_000508.JPG,1018,2168,1220,2396,Flower_15
NARS-04_000508.JPG,697,2259,942,2500,Flower_16
NARS-04_000508.JPG,165,2403,346,2535,Flower_22
NARS-04_000508.JPG,1229,2631,1495,2821,Flower_17
NARS-04_000508.JPG,1715,2932,1925,3182,Flower_08
NARS-04_000510.JPG,388,464,663,707,Flower_10
NARS-04_000510.JPG,911,503,1187,769,Flower_11
NARS-04_000510.JPG,1958,2498,2201,2773,Flower_19
NARS-04_000510.JPG,2033,2240,2275,2493,Flower_18
NARS-04_000510.JPG,3851,2350,4048,2557,Flower_12
NARS-04_000510.JPG,2243,1960,2470,2158,Flower_21
NARS-04_000510.JPG,5322,1,5529,128,Flower_20
NARS-04_000510.JPG,1397,662,1640,889,Flower_14
NARS-04_000510.JPG,1896,1111,2093,1342,Flower_07
NARS-04_000510.JPG,1530,1853,1773,2119,Flower_13
NARS-04_000510.JPG,1018,2161,1229,2397,Flower_15
NARS-04_000510.JPG,688,2245,956,2498,Flower_16
NARS-04_000510.JPG,223,2356,405,2508,Flower_22
NARS-04_000510.JPG,1241,2615,1514,2823,Flower_17
NARS-04_000510.JPG,1704,2914,1941,3193,Flower_08
NARS-04_000520.JPG,377,482,642,720,Flower_10
NARS-04_000520.JPG,939,538,1194,799,Flower_11
NARS-04_000520.JPG,1938,2496,2165,2762,Flower_19
NARS-04_000520.JPG,1721,2930,1925,3200,Flower_08
NARS-04_000520.JPG,3808,2341,4058,2551,Flower_12
NARS-04_000520.JPG,5273,85,5464,276,Flower_20
NARS-04_000520.JPG,184,2315,381,2466,Flower_22
NARS-04_000520.JPG,1414,788,1634,1002,Flower_14
NARS-04_000520.JPG,1894,1111,2083,1328,Flower_07
NARS-04_000520.JPG,691,2259,939,2497,Flower_16
NARS-04_000520.JPG,1018,2167,1222,2397,Flower_15
NARS-04_000520.JPG,1536,1886,1766,2138,Flower_13
NARS-04_000520.JPG,1274,2660,1530,2862,Flower_17
NARS-04_000520.JPG,2259,2052,2469,2249,Flower_21
NARS-04_000520.JPG,2031,2292,2256,2547,Flower_18
NARS-04_000521.JPG,370,491,641,728,Flower_10
NARS-04_000521.JPG,948,533,1199,795,Flower_11
NARS-04_000521.JPG,2015,2273,2254,2543,Flower_18
NARS-04_000521.JPG,2251,2049,2470,2253,Flower_21
NARS-04_000521.JPG,3849,2365,4045,2561,Flower_12
NARS-04_000521.JPG,5275,69,5465,271,Flower_20
NARS-04_000521.JPG,1415,801,1647,1017,Flower_14
NARS-04_000521.JPG,1892,1122,2084,1320,Flower_07
NARS-04_000521.JPG,685,2257,940,2502,Flower_16
NARS-04_000521.JPG,1011,2151,1225,2401,Flower_15
NARS-04_000521.JPG,1270,2662,1532,2868,Flower_17
NARS-04_000521.JPG,1531,1877,1774,2141,Flower_13
NARS-04_000521.JPG,1713,2940,1935,3197,Flower_08
NARS-04_000521.JPG,1926,2485,2175,2756,Flower_19
NARS-04_000521.JPG,184,2315,381,2466,Flower_22
NARS-04_000523.JPG,401,484,638,714,Flower_10
NARS-04_000523.JPG,931,535,1188,785,Flower_11
NARS-04_000523.JPG,2255,2042,2488,2248,Flower_21
NARS-04_000523.JPG,1892,1109,2079,1325,Flower_07
NARS-04_000523.JPG,1429,815,1645,1028,Flower_14
NARS-04_000523.JPG,3842,2357,4052,2564,Flower_12
NARS-04_000523.JPG,5282,21,5484,226,Flower_20
NARS-04_000523.JPG,689,2267,948,2504,Flower_16
NARS-04_000523.JPG,1002,2168,1207,2396,Flower_15
NARS-04_000523.JPG,1302,2689,1564,2886,Flower_17
NARS-04_000523.JPG,204,2316,376,2438,Flower_22
NARS-04_000523.JPG,1716,2938,1920,3209,Flower_08
NARS-04_000523.JPG,1921,2493,2163,2752,Flower_19
NARS-04_000523.JPG,1995,2277,2243,2533,Flower_18
NARS-04_000523.JPG,1529,1879,1779,2142,Flower_13
NARS-04_000531.JPG,844,383,1137,665,Flower_11
NARS-04_000531.JPG,1454,640,1698,884,Flower_14
NARS-04_000531.JPG,2092,2268,2343,2521,Flower_18
NARS-04_000531.JPG,2270,2021,2507,2239,Flower_21
NARS-04_000531.JPG,5308,24,5530,246,Flower_20
NARS-04_000531.JPG,3835,2391,4002,2594,Flower_12
NARS-04_000531.JPG,1926,1043,2116,1261,Flower_07
NARS-04_000531.JPG,154,2376,365,2519,Flower_22
NARS-04_000531.JPG,681,2220,888,2510,Flower_16
NARS-04_000531.JPG,1023,2072,1268,2307,Flower_15
NARS-04_000531.JPG,1534,1917,1784,2191,Flower_13
NARS-04_000531.JPG,1324,2635,1585,2841,Flower_17
NARS-04_000531.JPG,1688,2944,1920,3220,Flower_08
NARS-04_000531.JPG,1985,2453,2229,2724,Flower_19
NARS-04_000533.JPG,853,383,1140,669,Flower_11
NARS-04_000533.JPG,1450,670,1697,916,Flower_14
NARS-04_000533.JPG,1331,2669,1594,2859,Flower_17
NARS-04_000533.JPG,1683,2956,1916,3229,Flower_08
NARS-04_000533.JPG,3831,2374,4001,2589,Flower_12
NARS-04_000533.JPG,5293,26,5496,252,Flower_20
NARS-04_000533.JPG,1912,1052,2118,1275,Flower_07
NARS-04_000533.JPG,1525,1905,1780,2181,Flower_13
NARS-04_000533.JPG,2256,2003,2507,2238,Flower_21
NARS-04_000533.JPG,2033,2234,2293,2500,Flower_18
NARS-04_000533.JPG,1983,2425,2237,2718,Flower_19
NARS-04_000533.JPG,1019,2073,1270,2329,Flower_15
NARS-04_000533.JPG,149,2384,360,2544,Flower_22
NARS-04_000533.JPG,676,2224,897,2511,Flower_16
NARS-04_000536.JPG,853,394,1139,660,Flower_11
NARS-04_000536.JPG,1478,674,1724,904,Flower_14
NARS-04_000536.JPG,2248,1985,2468,2204,Flower_21
NARS-04_000536.JPG,3831,2390,3986,2589,Flower_12
NARS-04_000536.JPG,5311,3,5484,172,Flower_20
NARS-04_000536.JPG,142,2421,363,2584,Flower_22
NARS-04_000536.JPG,1912,1073,2095,1277,Flower_07
NARS-04_000536.JPG,1509,1885,1735,2158,Flower_13
NARS-04_000536.JPG,1029,2100,1264,2336,Flower_15
NARS-04_000536.JPG,676,2241,896,2507,Flower_16
NARS-04_000536.JPG,1370,2662,1622,2859,Flower_17
NARS-04_000536.JPG,1683,2952,1918,3224,Flower_08
NARS-04_000536.JPG,1998,2442,2230,2708,Flower_19
NARS-04_000536.JPG,2009,2254,2265,2482,Flower_18
NARS-04_000540.JPG,837,397,1126,658,Flower_11
NARS-04_000540.JPG,1491,625,1763,866,Flower_14
NARS-04_000540.JPG,2015,2457,2241,2709,Flower_19
NARS-04_000540.JPG,1697,2973,1916,3232,Flower_08
NARS-04_000540.JPG,1912,1072,2107,1278,Flower_07
NARS-04_000540.JPG,141,2433,343,2597,Flower_22
NARS-04_000540.JPG,684,2205,905,2516,Flower_16
NARS-04_000540.JPG,1019,2098,1245,2337,Flower_15
NARS-04_000540.JPG,1526,1899,1758,2162,Flower_13
NARS-04_000540.JPG,1401,2653,1644,2857,Flower_17
NARS-04_000540.JPG,2243,2001,2480,2238,Flower_21
NARS-04_000540.JPG,2094,2282,2337,2534,Flower_18
NARS-04_000540.JPG,3831,2390,3986,2589,Flower_12
NARS-04_000543.JPG,836,382,1125,657,Flower_11
NARS-04_000543.JPG,1481,619,1741,855,Flower_14
NARS-04_000543.JPG,2141,2276,2407,2521,Flower_18
NARS-04_000543.JPG,2281,2033,2517,2257,Flower_21
NARS-04_000543.JPG,1912,1069,2103,1281,Flower_07
NARS-04_000543.JPG,125,2419,342,2578,Flower_22
NARS-04_000543.JPG,675,2278,917,2510,Flower_16
NARS-04_000543.JPG,1015,2087,1251,2322,Flower_15
NARS-04_000543.JPG,1533,1946,1788,2199,Flower_13
NARS-04_000543.JPG,1413,2625,1668,2856,Flower_17
NARS-04_000543.JPG,1696,2963,1925,3240,Flower_08
NARS-04_000543.JPG,2018,2445,2280,2716,Flower_19
NARS-04_000543.JPG,3831,2390,3986,2589,Flower_12
NARS-04_000544.JPG,837,377,1127,665,Flower_11
NARS-04_000544.JPG,1481,607,1746,857,Flower_14
NARS-04_000544.JPG,2286,2013,2542,2256,Flower_21
NARS-04_000544.JPG,1695,2962,1919,3234,Flower_08
NARS-04_000544.JPG,1906,1063,2106,1282,Flower_07
NARS-04_000544.JPG,1533,1947,1790,2207,Flower_13
NARS-04_000544.JPG,1011,2075,1256,2314,Flower_15
NARS-04_000544.JPG,673,2274,900,2518,Flower_16
NARS-04_000544.JPG,126,2413,351,2573,Flower_22
NARS-04_000544.JPG,1407,2639,1673,2860,Flower_17
NARS-04_000544.JPG,2028,2427,2280,2712,Flower_19
NARS-04_000544.JPG,2189,2248,2471,2495,Flower_18
NARS-04_000544.JPG,3831,2390,3986,2589,Flower_12
NARS-04_000546.JPG,840,385,1127,666,Flower_11
NARS-04_000546.JPG,140,2417,349,2578,Flower_22
NARS-04_000546.JPG,1909,1070,2104,1279,Flower_07
NARS-04_000546.JPG,1491,604,1758,847,Flower_14
NARS-04_000546.JPG,3837,2399,3981,2600,Flower_12
NARS-04_000546.JPG,668,2283,914,2517,Flower_16
NARS-04_000546.JPG,1018,2066,1258,2303,Flower_15
NARS-04_000546.JPG,1425,2639,1681,2864,Flower_17
NARS-04_000546.JPG,1699,2966,1919,3239,Flower_08
NARS-04_000546.JPG,2029,2431,2287,2710,Flower_19
NARS-04_000546.JPG,2199,2227,2473,2482,Flower_18
NARS-04_000546.JPG,2303,2022,2569,2253,Flower_21
NARS-04_000546.JPG,1542,1972,1799,2227,Flower_13
NARS-04_000547.JPG,835,383,1127,664,Flower_11
NARS-04_000547.JPG,1498,595,1777,843,Flower_14
NARS-04_000547.JPG,2301,1997,2573,2243,Flower_21
NARS-04_000547.JPG,2166,2217,2445,2478,Flower_18
NARS-04_000547.JPG,3831,2396,3985,2602,Flower_12
NARS-04_000547.JPG,5328,4,5536,114,Flower_20
NARS-04_000547.JPG,1909,1064,2112,1287,Flower_07
NARS-04_000547.JPG,1540,1975,1791,2225,Flower_13
NARS-04_000547.JPG,1024,2058,1267,2302,Flower_15
NARS-04_000547.JPG,669,2276,899,2517,Flower_16
NARS-04_000547.JPG,141,2430,353,2602,Flower_22
NARS-04_000547.JPG,1406,2646,1668,2862,Flower_17
NARS-04_000547.JPG,1695,2963,1913,3238,Flower_08
NARS-04_000547.JPG,2040,2424,2286,2709,Flower_19
NARS-04_000550.JPG,808,355,1105,628,Flower_11
NARS-04_000550.JPG,1528,595,1826,839,Flower_14
NARS-04_000550.JPG,2148,2160,2412,2437,Flower_18
NARS-04_000550.JPG,2313,1940,2580,2199,Flower_21
NARS-04_000550.JPG,5483,1,5709,140,Flower_20
NARS-04_000550.JPG,1932,1053,2123,1271,Flower_07
NARS-04_000550.JPG,1595,1901,1839,2167,Flower_13
NARS-04_000550.JPG,1057,2063,1324,2305,Flower_15
NARS-04_000550.JPG,675,2291,896,2508,Flower_16
NARS-04_000550.JPG,125,2504,337,2702,Flower_22
NARS-04_000550.JPG,1359,2611,1617,2832,Flower_17
NARS-04_000550.JPG,1707,2977,1919,3227,Flower_08
NARS-04_000550.JPG,2058,2370,2299,2665,Flower_19
NARS-04_000550.JPG,3818,2273,3962,2458,Flower_12
NARS-04_000551.JPG,784,354,1089,613,Flower_11
NARS-04_000551.JPG,1534,598,1827,837,Flower_14
NARS-04_000551.JPG,1644,1848,1907,2127,Flower_13
NARS-04_000551.JPG,1047,2070,1327,2314,Flower_15
NARS-04_000551.JPG,5505,1,5755,149,Flower_20
NARS-04_000551.JPG,1933,1050,2122,1272,Flower_07
NARS-04_000551.JPG,106,2515,326,2728,Flower_22
NARS-04_000551.JPG,699,2297,893,2504,Flower_16
NARS-04_000551.JPG,1339,2608,1596,2830,Flower_17
NARS-04_000551.JPG,1713,2978,1912,3225,Flower_08
NARS-04_000551.JPG,2074,2367,2303,2652,Flower_19
NARS-04_000551.JPG,2150,2149,2419,2423,Flower_18
NARS-04_000551.JPG,2315,1955,2575,2210,Flower_21
NARS-04_000551.JPG,3808,2257,3963,2456,Flower_12
NARS-04_000552.JPG,749,344,1058,614,Flower_11
NARS-04_000552.JPG,1531,584,1836,828,Flower_14
NARS-04_000552.JPG,2333,1971,2614,2229,Flower_21
NARS-04_000552.JPG,1737,1802,2008,2078,Flower_13
NARS-04_000552.JPG,5483,0,5728,169,Flower_20
NARS-04_000552.JPG,1930,1056,2127,1275,Flower_07
NARS-04_000552.JPG,93,2538,327,2756,Flower_22
NARS-04_000552.JPG,695,2300,895,2506,Flower_16
NARS-04_000552.JPG,1237,2557,1486,2810,Flower_17
NARS-04_000552.JPG,1059,2089,1321,2326,Flower_15
NARS-04_000552.JPG,1719,2985,1919,3230,Flower_08
NARS-04_000552.JPG,2076,2371,2318,2657,Flower_19
NARS-04_000552.JPG,2159,2177,2417,2443,Flower_18
NARS-04_000552.JPG,3807,2279,3954,2455,Flower_12
NARS-04_000556.JPG,723,327,1012,564,Flower_11
NARS-04_000556.JPG,1554,562,1848,786,Flower_14
NARS-04_000556.JPG,2081,2318,2306,2606,Flower_19
NARS-04_000556.JPG,1720,2997,1914,3227,Flower_08
NARS-04_000556.JPG,1463,242,1603,362,Flower_23
NARS-04_000556.JPG,834,2749,1005,2927,Flower_24
NARS-04_000556.JPG,5457,0,5695,153,Flower_20
NARS-04_000556.JPG,1938,1051,2107,1257,Flower_07
NARS-04_000556.JPG,92,2517,330,2739,Flower_22
NARS-04_000556.JPG,694,2313,886,2502,Flower_16
NARS-04_000556.JPG,1072,2057,1332,2286,Flower_15
NARS-04_000556.JPG,1713,1739,1966,2020,Flower_13
NARS-04_000556.JPG,1222,2494,1469,2762,Flower_17
NARS-04_000556.JPG,2335,1892,2619,2178,Flower_21
NARS-04_000556.JPG,2165,2111,2415,2363,Flower_18
NARS-04_000561.JPG,733,295,1045,572,Flower_11
NARS-04_000561.JPG,1553,536,1868,783,Flower_14
NARS-04_000561.JPG,2061,2295,2312,2600,Flower_19
NARS-04_000561.JPG,2331,1874,2651,2168,Flower_21
NARS-04_000561.JPG,2162,2089,2430,2358,Flower_18
NARS-04_000561.JPG,1435,229,1602,387,Flower_23
NARS-04_000561.JPG,5458,0,5692,136,Flower_20
NARS-04_000561.JPG,1926,1017,2130,1253,Flower_07
NARS-04_000561.JPG,1076,2044,1379,2281,Flower_15
NARS-04_000561.JPG,1721,1713,2001,2008,Flower_13
NARS-04_000561.JPG,684,2309,909,2507,Flower_16
NARS-04_000561.JPG,85,2474,357,2706,Flower_22
NARS-04_000561.JPG,818,2702,1014,2915,Flower_24
NARS-04_000561.JPG,1216,2488,1486,2753,Flower_17
NARS-04_000561.JPG,1714,2980,1913,3232,Flower_08
NARS-04_000563.JPG,740,307,1047,567,Flower_11
NARS-04_000563.JPG,1430,228,1593,379,Flower_23
NARS-04_000563.JPG,88,2478,357,2702,Flower_22
NARS-04_000563.JPG,2338,1881,2653,2163,Flower_21
NARS-04_000563.JPG,2167,2087,2418,2352,Flower_18
NARS-04_000563.JPG,2068,2299,2305,2599,Flower_19
NARS-04_000563.JPG,5457,1,5681,136,Flower_20
NARS-04_000563.JPG,1557,538,1868,779,Flower_14
NARS-04_000563.JPG,1933,1025,2124,1243,Flower_07
NARS-04_000563.JPG,1726,1722,2003,2004,Flower_13
NARS-04_000563.JPG,1082,2041,1369,2278,Flower_15
NARS-04_000563.JPG,687,2303,877,2507,Flower_16
NARS-04_000563.JPG,822,2700,1017,2907,Flower_24
NARS-04_000563.JPG,1224,2496,1490,2746,Flower_17
NARS-04_000563.JPG,1721,2975,1905,3236,Flower_08
NARS-04_000564.JPG,738,308,1048,564,Flower_11
NARS-04_000564.JPG,84,2473,358,2705,Flower_22
NARS-04_000564.JPG,1425,222,1599,379,Flower_23
NARS-04_000564.JPG,2068,2326,2306,2603,Flower_19
NARS-04_000564.JPG,2152,2138,2411,2394,Flower_18
NARS-04_000564.JPG,2341,1884,2651,2165,Flower_21
NARS-04_000564.JPG,5457,4,5688,133,Flower_20
NARS-04_000564.JPG,817,2699,1017,2913,Flower_24
NARS-04_000564.JPG,687,2301,898,2508,Flower_16
NARS-04_000564.JPG,1222,2483,1494,2754,Flower_17
NARS-04_000564.JPG,1083,2035,1372,2278,Flower_15
NARS-04_000564.JPG,1721,2975,1914,3239,Flower_08
NARS-04_000564.JPG,1723,1720,2016,2008,Flower_13
NARS-04_000564.JPG,1929,1023,2127,1245,Flower_07
NARS-04_000564.JPG,1554,540,1870,779,Flower_14
NARS-04_000565.JPG,739,301,1049,572,Flower_11
NARS-04_000565.JPG,1421,224,1596,376,Flower_23
NARS-04_000565.JPG,2064,2290,2308,2603,Flower_19
NARS-04_000565.JPG,2340,1869,2658,2170,Flower_21
NARS-04_000565.JPG,2159,2084,2420,2363,Flower_18
NARS-04_000565.JPG,5451,0,5699,140,Flower_20
NARS-04_000565.JPG,1555,534,1873,783,Flower_14
NARS-04_000565.JPG,1927,1018,2126,1251,Flower_07
NARS-04_000565.JPG,1725,1717,2010,2011,Flower_13
NARS-04_000565.JPG,1078,2035,1377,2277,Flower_15
NARS-04_000565.JPG,675,2299,879,2510,Flower_16
NARS-04_000565.JPG,81,2472,354,2708,Flower_22
NARS-04_000565.JPG,804,2692,1019,2913,Flower_24
NARS-04_000565.JPG,1222,2480,1493,2753,Flower_17
NARS-04_000565.JPG,1857,2854,2065,3131,Flower_08
NARS-04_000567.JPG,758,314,1064,574,Flower_11
NARS-04_000567.JPG,1418,232,1588,392,Flower_23
NARS-04_000567.JPG,676,2304,888,2510,Flower_16
NARS-04_000567.JPG,808,2684,1004,2903,Flower_24
NARS-04_000567.JPG,91,2478,373,2710,Flower_22
NARS-04_000567.JPG,2011,2723,2267,2988,Flower_08
NARS-04_000567.JPG,5491,0,5728,167,Flower_20
NARS-04_000567.JPG,1558,552,1872,796,Flower_14
NARS-04_000567.JPG,1929,1028,2126,1252,Flower_07
NARS-04_000567.JPG,1764,1755,2054,2041,Flower_13
NARS-04_000567.JPG,2368,1889,2696,2176,Flower_21
NARS-04_000567.JPG,2163,2100,2421,2368,Flower_18
NARS-04_000567.JPG,2067,2313,2308,2617,Flower_19
NARS-04_000567.JPG,1099,2054,1397,2292,Flower_15
NARS-04_000567.JPG,1231,2500,1499,2765,Flower_17
NARS-04_000572.JPG,767,353,1056,590,Flower_11
NARS-04_000572.JPG,1559,582,1848,811,Flower_14
NARS-04_000572.JPG,2091,2318,2316,2606,Flower_19
NARS-04_000572.JPG,1430,256,1596,415,Flower_23
NARS-04_000572.JPG,815,2775,1019,3059,Flower_24
NARS-04_000572.JPG,5549,0,5787,182,Flower_20
NARS-04_000572.JPG,1930,1051,2099,1257,Flower_07
NARS-04_000572.JPG,117,2527,369,2762,Flower_22
NARS-04_000572.JPG,692,2333,884,2522,Flower_16
NARS-04_000572.JPG,1111,2086,1392,2301,Flower_15
NARS-04_000572.JPG,1772,1789,2037,2070,Flower_13
NARS-04_000572.JPG,1248,2496,1495,2748,Flower_17
NARS-04_000572.JPG,2381,1953,2690,2221,Flower_21
NARS-04_000572.JPG,2218,2100,2479,2365,Flower_18
NARS-04_000572.JPG,2051,2744,2320,3010,Flower_08
NARS-04_000578.JPG,797,348,1093,600,Flower_11
NARS-04_000578.JPG,1364,263,1578,474,Flower_23
NARS-04_000578.JPG,2135,2667,2392,2901,Flower_08
NARS-04_000578.JPG,2078,2076,2319,2319,Flower_18
NARS-04_000578.JPG,2253,2033,2508,2282,Flower_21
NARS-04_000578.JPG,5365,2,5563,221,Flower_20
NARS-04_000578.JPG,1486,517,1742,745,Flower_14
NARS-04_000578.JPG,45,2380,319,2549,Flower_22
NARS-04_000578.JPG,1093,2564,1365,2847,Flower_24
NARS-04_000578.JPG,1240,2579,1470,2814,Flower_17
NARS-04_000578.JPG,953,2065,1190,2270,Flower_15
NARS-04_000578.JPG,1531,1815,1767,2053,Flower_13
NARS-04_000578.JPG,1899,1073,2104,1282,Flower_07
NARS-04_000578.JPG,2059,2486,2300,2767,Flower_19
NARS-04_000578.JPG,864,2354,1086,2602,Flower_16
NARS-04_000584.JPG,812,370,1101,610,Flower_11
NARS-04_000584.JPG,1455,547,1661,753,Flower_14
NARS-04_000584.JPG,1345,281,1560,487,Flower_23
NARS-04_000584.JPG,1207,2621,1411,2884,Flower_24
NARS-04_000584.JPG,5345,5,5506,232,Flower_20
NARS-04_000584.JPG,1889,1074,2088,1280,Flower_07
NARS-04_000584.JPG,69,2451,335,2660,Flower_22
NARS-04_000584.JPG,1115,2049,1396,2264,Flower_15
NARS-04_000584.JPG,1742,1781,2007,2062,Flower_13
NARS-04_000584.JPG,1361,2644,1553,2831,Flower_17
NARS-04_000584.JPG,2267,1920,2484,2188,Flower_21
NARS-04_000584.JPG,2017,1976,2239,2201,Flower_18
NARS-04_000584.JPG,2057,2476,2272,2752,Flower_19
NARS-04_000589.JPG,815,334,1108,610,Flower_11
NARS-04_000589.JPG,1329,302,1548,509,Flower_23
NARS-04_000589.JPG,1895,1067,2092,1276,Flower_07
NARS-04_000589.JPG,2031,2472,2271,2746,Flower_19
NARS-04_000589.JPG,5416,1,5644,177,Flower_20
NARS-04_000589.JPG,1445,566,1652,794,Flower_14
NARS-04_000589.JPG,43,2375,341,2542,Flower_22
NARS-04_000589.JPG,1257,2613,1443,2933,Flower_24
NARS-04_000589.JPG,1378,2670,1608,2870,Flower_17
NARS-04_000589.JPG,1084,2056,1386,2284,Flower_15
NARS-04_000589.JPG,1700,1775,1953,2059,Flower_13
NARS-04_000589.JPG,2068,1993,2280,2236,Flower_18
NARS-04_000589.JPG,2274,2007,2523,2270,Flower_21
NARS-04_000607.JPG,970,27,1123,172,Flower_25
NARS-04_000607.JPG,1389,178,1673,471,Flower_23
NARS-04_000607.JPG,2349,1957,2647,2222,Flower_21
NARS-04_000607.JPG,2141,2140,2402,2404,Flower_18
NARS-04_000607.JPG,2047,2382,2284,2660,Flower_19
NARS-04_000607.JPG,5492,0,5755,183,Flower_20
NARS-04_000607.JPG,1528,582,1834,816,Flower_14
NARS-04_000607.JPG,1878,1044,2081,1248,Flower_07
NARS-04_000607.JPG,1698,1791,1962,2055,Flower_13
NARS-04_000607.JPG,1099,2073,1388,2299,Flower_15
NARS-04_000607.JPG,1209,2506,1464,2771,Flower_17
NARS-04_000607.JPG,756,2753,1083,3077,Flower_24
NARS-04_000607.JPG,76,2573,332,2830,Flower_22
NARS-04_000607.JPG,1604,2905,1888,3175,Flower_26
NARS-04_000610.JPG,974,38,1127,187,Flower_25
NARS-04_000610.JPG,1400,208,1667,467,Flower_23
NARS-04_000610.JPG,5523,4,5789,197,Flower_20
NARS-04_000610.JPG,2066,2386,2281,2651,Flower_19
NARS-04_000610.JPG,1615,2847,1881,3183,Flower_26
NARS-04_000610.JPG,1872,1032,2087,1250,Flower_07
NARS-04_000610.JPG,1537,585,1838,816,Flower_14
NARS-04_000610.JPG,1701,1817,1954,2063,Flower_13
NARS-04_000610.JPG,1111,2098,1402,2309,Flower_15
NARS-04_000610.JPG,1202,2513,1445,2773,Flower_17
NARS-04_000610.JPG,758,2784,1066,3092,Flower_24
NARS-04_000610.JPG,91,2598,337,2845,Flower_22
NARS-04_000610.JPG,2150,2160,2409,2406,Flower_18
NARS-04_000610.JPG,2361,1969,2662,2216,Flower_21
NARS-04_000611.JPG,965,48,1110,175,Flower_25
NARS-04_000611.JPG,1398,207,1664,467,Flower_23
NARS-04_000611.JPG,2166,2165,2406,2403,Flower_18
NARS-04_000611.JPG,2376,1966,2660,2214,Flower_21
NARS-04_000611.JPG,5531,3,5789,202,Flower_20
NARS-04_000611.JPG,1542,582,1841,811,Flower_14
NARS-04_000611.JPG,104,2609,337,2851,Flower_22
NARS-04_000611.JPG,1118,2100,1398,2310,Flower_15
NARS-04_000611.JPG,761,2793,1065,3087,Flower_24
NARS-04_000611.JPG,1207,2519,1439,2771,Flower_17
NARS-04_000611.JPG,1707,1825,1949,2060,Flower_13
NARS-04_000611.JPG,1611,2923,1881,3156,Flower_26
NARS-04_000611.JPG,2062,2397,2274,2649,Flower_19
NARS-04_000611.JPG,1872,1032,2087,1250,Flower_07
NARS-04_000613.JPG,965,36,1118,174,Flower_25
NARS-04_000613.JPG,1392,196,1648,467,Flower_23
NARS-04_000613.JPG,2165,2165,2413,2403,Flower_18
NARS-04_000613.JPG,2376,1958,2660,2206,Flower_21
NARS-04_000613.JPG,5549,3,5807,222,Flower_20
NARS-04_000613.JPG,1542,590,1841,819,Flower_14
NARS-04_000613.JPG,116,2629,349,2871,Flower_22
NARS-04_000613.JPG,1126,2100,1406,2310,Flower_15
NARS-04_000613.JPG,763,2803,1067,3097,Flower_24
NARS-04_000613.JPG,1199,2519,1431,2771,Flower_17
NARS-04_000613.JPG,1707,1825,1965,2060,Flower_13
NARS-04_000613.JPG,1613,2917,1883,3150,Flower_26
NARS-04_000613.JPG,2062,2397,2274,2649,Flower_19
NARS-04_000613.JPG,1860,1032,2075,1250,Flower_07
NARS-04_000618.JPG,974,6,1163,174,Flower_25
NARS-04_000618.JPG,1381,197,1677,481,Flower_23
NARS-04_000618.JPG,2051,2383,2295,2661,Flower_19
NARS-04_000618.JPG,2360,1960,2668,2229,Flower_21
NARS-04_000618.JPG,2150,2171,2425,2423,Flower_18
NARS-04_000618.JPG,5529,0,5797,217,Flower_20
NARS-04_000618.JPG,1531,586,1845,821,Flower_14
NARS-04_000618.JPG,1696,1814,1964,2075,Flower_13
NARS-04_000618.JPG,1092,2097,1399,2313,Flower_15
NARS-04_000618.JPG,100,2587,355,2852,Flower_22
NARS-04_000618.JPG,773,2797,1109,3104,Flower_24
NARS-04_000618.JPG,1202,2528,1457,2781,Flower_17
NARS-04_000618.JPG,1623,2895,1903,3158,Flower_26
NARS-04_000620.JPG,981,33,1211,222,Flower_25
NARS-04_000620.JPG,1420,224,1699,484,Flower_23
NARS-04_000620.JPG,1708,1870,1967,2103,Flower_13
NARS-04_000620.JPG,2192,1798,2323,1932,Flower_27
NARS-04_000620.JPG,2165,2196,2428,2429,Flower_18
NARS-04_000620.JPG,2375,2014,2675,2267,Flower_21
NARS-04_000620.JPG,1549,633,1842,849,Flower_14
NARS-04_000620.JPG,5541,2,5794,247,Flower_20
NARS-04_000620.JPG,1613,2894,1885,3132,Flower_26
NARS-04_000620.JPG,821,2824,1132,3122,Flower_24
NARS-04_000620.JPG,1239,2563,1471,2799,Flower_17
NARS-04_000620.JPG,2070,2410,2285,2670,Flower_19
NARS-04_000620.JPG,103,2611,345,2857,Flower_22
NARS-04_000620.JPG,1094,2124,1353,2324,Flower_15
NARS-04_000622.JPG,852,1,1159,175,Flower_25
NARS-04_000622.JPG,1392,163,1658,450,Flower_23
NARS-04_000622.JPG,2360,1984,2661,2240,Flower_21
NARS-04_000622.JPG,2147,2177,2400,2415,Flower_18
NARS-04_000622.JPG,2071,2407,2294,2666,Flower_19
NARS-04_000622.JPG,5516,2,5778,207,Flower_20
NARS-04_000622.JPG,1536,613,1819,837,Flower_14
NARS-04_000622.JPG,72,2565,319,2820,Flower_22
NARS-04_000622.JPG,804,2739,1118,3062,Flower_24
NARS-04_000622.JPG,1625,2882,1920,3127,Flower_26
NARS-04_000622.JPG,1250,2565,1480,2800,Flower_17
NARS-04_000622.JPG,1085,2115,1335,2315,Flower_15
NARS-04_000622.JPG,1696,1818,1958,2057,Flower_13
NARS-04_000622.JPG,2144,1743,2289,1906,Flower_27
NARS-04_000624.JPG,867,0,1187,178,Flower_25
NARS-04_000624.JPG,1404,174,1682,457,Flower_23
NARS-04_000624.JPG,2064,2409,2292,2672,Flower_19
NARS-04_000624.JPG,1531,615,1825,837,Flower_14
NARS-04_000624.JPG,2145,1745,2313,1916,Flower_27
NARS-04_000624.JPG,2342,1996,2666,2257,Flower_21
NARS-04_000624.JPG,2138,2162,2397,2406,Flower_18
NARS-04_000624.JPG,66,2563,313,2807,Flower_22
NARS-04_000624.JPG,800,2791,1115,3099,Flower_24
NARS-04_000624.JPG,1607,2872,1914,3137,Flower_26
NARS-04_000624.JPG,5500,0,5756,198,Flower_20
NARS-04_000624.JPG,1678,1849,1940,2088,Flower_13
NARS-04_000624.JPG,1085,2115,1335,2315,Flower_15
NARS-04_000624.JPG,1256,2579,1486,2814,Flower_17
NARS-04_000625.JPG,857,3,1156,174,Flower_25
NARS-04_000625.JPG,1414,179,1662,449,Flower_23
NARS-04_000625.JPG,1536,626,1811,830,Flower_14
NARS-04_000625.JPG,67,2580,294,2812,Flower_22
NARS-04_000625.JPG,789,2798,1085,3089,Flower_24
NARS-04_000625.JPG,1613,2881,1904,3126,Flower_26
NARS-04_000625.JPG,2359,2001,2653,2249,Flower_21
NARS-04_000625.JPG,5505,3,5752,195,Flower_20
NARS-04_000625.JPG,2135,1753,2298,1919,Flower_27
NARS-04_000625.JPG,2138,2162,2397,2406,Flower_18
NARS-04_000625.JPG,2064,2403,2292,2666,Flower_19
NARS-04_000625.JPG,1681,1861,1943,2100,Flower_13
NARS-04_000625.JPG,1256,2570,1486,2805,Flower_17
NARS-04_000630.JPG,899,3,1177,178,Flower_25
NARS-04_000630.JPG,1409,141,1677,432,Flower_23
NARS-04_000630.JPG,5596,2894,5741,3068,Flower_28
NARS-04_000630.JPG,5494,0,5759,138,Flower_20
NARS-04_000630.JPG,1525,601,1818,823,Flower_14
NARS-04_000630.JPG,61,2542,299,2796,Flower_22
NARS-04_000630.JPG,785,2747,1098,3059,Flower_24
NARS-04_000630.JPG,1655,2863,1924,3143,Flower_26
NARS-04_000630.JPG,2078,2416,2300,2672,Flower_19
NARS-04_000630.JPG,2146,2142,2400,2369,Flower_18
NARS-04_000630.JPG,2350,1979,2662,2232,Flower_21
NARS-04_000630.JPG,2115,1726,2315,1919,Flower_27
NARS-04_000630.JPG,1658,1837,1920,2076,Flower_13
NARS-04_000630.JPG,1276,2556,1506,2791,Flower_17
NARS-04_000632.JPG,909,2,1182,191,Flower_25
NARS-04_000632.JPG,1413,151,1681,433,Flower_23
NARS-04_000632.JPG,2141,2150,2384,2385,Flower_18
NARS-04_000632.JPG,2075,2414,2297,2676,Flower_19
NARS-04_000632.JPG,5494,2,5755,147,Flower_20
NARS-04_000632.JPG,1531,618,1816,834,Flower_14
NARS-04_000632.JPG,2118,1724,2325,1937,Flower_27
NARS-04_000632.JPG,2351,1984,2638,2235,Flower_21
NARS-04_000632.JPG,1664,2864,1932,3154,Flower_26
NARS-04_000632.JPG,783,2762,1092,3067,Flower_24
NARS-04_000632.JPG,59,2543,297,2788,Flower_22
NARS-04_000632.JPG,5591,2889,5739,3066,Flower_28
NARS-04_000632.JPG,1666,1840,1928,2079,Flower_13
NARS-04_000632.JPG,1273,2553,1503,2788,Flower_17
NARS-04_000633.JPG,922,3,1182,190,Flower_25
NARS-04_000633.JPG,1422,163,1670,433,Flower_23
NARS-04_000633.JPG,1536,617,1811,831,Flower_14
NARS-04_000633.JPG,67,2550,294,2782,Flower_22
NARS-04_000633.JPG,789,2776,1085,3067,Flower_24
NARS-04_000633.JPG,1674,2871,1930,3151,Flower_26
NARS-04_000633.JPG,2351,1998,2645,2233,Flower_21
NARS-04_000633.JPG,5505,3,5743,146,Flower_20
NARS-04_000633.JPG,2124,1741,2321,1928,Flower_27
NARS-04_000633.JPG,5595,2899,5741,3065,Flower_28
NARS-04_000633.JPG,1658,1846,1920,2085,Flower_13
NARS-04_000633.JPG,2141,2150,2384,2385,Flower_18
NARS-04_000633.JPG,2075,2414,2297,2676,Flower_19
NARS-04_000633.JPG,1265,2550,1495,2785,Flower_17
NARS-04_000634.JPG,924,2,1189,192,Flower_25
NARS-04_000634.JPG,1412,153,1686,442,Flower_23
NARS-04_000634.JPG,1526,616,1822,838,Flower_14
NARS-04_000634.JPG,783,2763,1092,3074,Flower_24
NARS-04_000634.JPG,55,2538,293,2787,Flower_22
NARS-04_000634.JPG,1674,2860,1935,3155,Flower_26
NARS-04_000634.JPG,2357,1980,2659,2235,Flower_21
NARS-04_000634.JPG,2118,1730,2329,1933,Flower_27
NARS-04_000634.JPG,5491,0,5753,153,Flower_20
NARS-04_000634.JPG,5589,2882,5737,3066,Flower_28
NARS-04_000634.JPG,1658,1849,1920,2088,Flower_13
NARS-04_000634.JPG,1262,2553,1492,2788,Flower_17
NARS-04_000634.JPG,2153,2164,2396,2399,Flower_18
NARS-04_000634.JPG,2069,2391,2291,2653,Flower_19
NARS-04_000635.JPG,923,2,1201,202,Flower_25
NARS-04_000635.JPG,1415,148,1690,442,Flower_23
NARS-04_000635.JPG,1261,2569,1487,2793,Flower_17
NARS-04_000635.JPG,2061,2411,2292,2674,Flower_19
NARS-04_000635.JPG,5489,-3,5754,158,Flower_20
NARS-04_000635.JPG,5591,2884,5744,3072,Flower_28
NARS-04_000635.JPG,1522,609,1824,836,Flower_14
NARS-04_000635.JPG,778,2761,1095,3079,Flower_24
NARS-04_000635.JPG,1671,2856,1934,3157,Flower_26
NARS-04_000635.JPG,2137,2159,2389,2393,Flower_18
NARS-04_000635.JPG,2353,1986,2665,2239,Flower_21
NARS-04_000635.JPG,2117,1735,2327,1943,Flower_27
NARS-04_000635.JPG,1649,1856,1925,2075,Flower_13
NARS-04_000635.JPG,54,2540,294,2793,Flower_22
NARS-04_000637.JPG,928,3,1205,211,Flower_25
NARS-04_000637.JPG,1416,142,1694,441,Flower_23
NARS-04_000637.JPG,5485,0,5749,164,Flower_20
NARS-04_000637.JPG,5581,2874,5742,3074,Flower_28
NARS-04_000637.JPG,1523,605,1820,843,Flower_14
NARS-04_000637.JPG,54,2530,306,2787,Flower_22
NARS-04_000637.JPG,774,2760,1098,3083,Flower_24
NARS-04_000637.JPG,2052,2408,2291,2673,Flower_19
NARS-04_000637.JPG,1671,2849,1992,3153,Flower_26
NARS-04_000637.JPG,2129,2164,2373,2409,Flower_18
NARS-04_000637.JPG,2332,2010,2601,2260,Flower_21
NARS-04_000637.JPG,2114,1735,2327,1947,Flower_27
NARS-04_000637.JPG,1652,1835,1914,2074,Flower_13
NARS-04_000637.JPG,1253,2556,1483,2791,Flower_17
NARS-04_000638.JPG,931,4,1208,215,Flower_25
NARS-04_000638.JPG,1422,144,1692,441,Flower_23
NARS-04_000638.JPG,1645,1872,1901,2105,Flower_13
NARS-04_000638.JPG,2099,2219,2345,2436,Flower_18
NARS-04_000638.JPG,2050,2403,2271,2662,Flower_19
NARS-04_000638.JPG,1248,2565,1494,2799,Flower_17
NARS-04_000638.JPG,36,2502,299,2727,Flower_22
NARS-04_000638.JPG,850,2830,1165,3111,Flower_24
NARS-04_000638.JPG,2110,1739,2342,1962,Flower_27
NARS-04_000638.JPG,5577,2880,5741,3082,Flower_28
NARS-04_000638.JPG,1651,2862,1993,3150,Flower_26
NARS-04_000638.JPG,2333,2036,2605,2279,Flower_21
NARS-04_000638.JPG,1534,605,1842,828,Flower_14
NARS-04_000638.JPG,5478,4,5755,161,Flower_20
NARS-04_000649.JPG,879,1,1175,181,Flower_25
NARS-04_000649.JPG,1435,154,1690,440,Flower_23
NARS-04_000649.JPG,1225,356,1371,491,Flower_29
NARS-04_000649.JPG,89,2538,317,2760,Flower_22
NARS-04_000649.JPG,826,2768,1107,3064,Flower_24
NARS-04_000649.JPG,2107,1714,2342,1939,Flower_27
NARS-04_000649.JPG,5649,2891,5843,3116,Flower_28
NARS-04_000649.JPG,5193,990,5367,1252,Flower_30
NARS-04_000649.JPG,5515,0,5770,129,Flower_20
NARS-04_000649.JPG,1817,2943,2086,3191,Flower_26
NARS-04_000653.JPG,749,0,1023,204,Flower_25
NARS-04_000653.JPG,1167,338,1347,522,Flower_29
NARS-04_000653.JPG,5630,2874,5838,3101,Flower_28
NARS-04_000653.JPG,1384,144,1642,426,Flower_23
NARS-04_000653.JPG,622,755,776,910,Flower_31
NARS-04_000653.JPG,58,2523,278,2747,Flower_22
NARS-04_000653.JPG,736,2730,1017,3050,Flower_24
NARS-04_000653.JPG,1722,2924,2006,3190,Flower_26
NARS-04_000653.JPG,2030,1711,2276,1941,Flower_27
NARS-04_000653.JPG,5505,-1,5746,111,Flower_20
NARS-04_000653.JPG,5164,966,5355,1242,Flower_30
NARS-04_000661.JPG,687,0,976,183,Flower_25
NARS-04_000661.JPG,535,690,743,877,Flower_31
NARS-04_000661.JPG,1135,303,1357,517,Flower_29
NARS-04_000661.JPG,1377,156,1653,415,Flower_23
NARS-04_000661.JPG,705,2720,958,3012,Flower_24
NARS-04_000661.JPG,5586,2900,5860,3138,Flower_28
NARS-04_000661.JPG,1993,1759,2235,1972,Flower_27
NARS-04_000661.JPG,5147,950,5343,1233,Flower_30
NARS-04_000661.JPG,51,2525,264,2755,Flower_22
NARS-04_000661.JPG,1638,2859,1884,3151,Flower_26
NARS-04_000662.JPG,698,1,993,167,Flower_25
NARS-04_000662.JPG,548,695,767,894,Flower_31
NARS-04_000662.JPG,1111,287,1352,530,Flower_29
NARS-04_000662.JPG,1375,160,1659,431,Flower_23
NARS-04_000662.JPG,704,2750,980,3051,Flower_24
NARS-04_000662.JPG,54,2525,280,2770,Flower_22
NARS-04_000662.JPG,1680,3033,1922,3299,Flower_26
NARS-04_000662.JPG,2004,1749,2272,1980,Flower_27
NARS-04_000662.JPG,5569,2881,5858,3133,Flower_28
NARS-04_000662.JPG,5134,932,5342,1238,Flower_30
NARS-04_000664.JPG,787,2,1074,160,Flower_25
NARS-04_000664.JPG,1183,292,1397,527,Flower_29
NARS-04_000664.JPG,1414,163,1680,437,Flower_23
NARS-04_000664.JPG,628,725,865,919,Flower_31
NARS-04_000664.JPG,67,2530,287,2763,Flower_22
NARS-04_000664.JPG,730,2750,995,3033,Flower_24
NARS-04_000664.JPG,1690,3031,1934,3297,Flower_26
NARS-04_000664.JPG,2079,1748,2330,1963,Flower_27
NARS-04_000664.JPG,5613,2871,5881,3127,Flower_28
NARS-04_000664.JPG,5158,922,5371,1218,Flower_30
NARS-04_000667.JPG,858,0,1146,187,Flower_25
NARS-04_000667.JPG,1451,182,1706,459,Flower_23
NARS-04_000667.JPG,1217,350,1423,596,Flower_29
NARS-04_000667.JPG,668,743,893,958,Flower_31
NARS-04_000667.JPG,757,2746,1019,3043,Flower_24
NARS-04_000667.JPG,1715,3023,1951,3275,Flower_26
NARS-04_000667.JPG,2108,1775,2359,1998,Flower_27
NARS-04_000667.JPG,5650,2887,5932,3148,Flower_28
NARS-04_000667.JPG,5145,905,5403,1220,Flower_30
NARS-04_000667.JPG,84,2530,304,2763,Flower_22
NARS-04_000671.JPG,874,0,1155,162,Flower_25
NARS-04_000671.JPG,596,712,880,994,Flower_31
NARS-04_000671.JPG,1166,271,1437,573,Flower_29
NARS-04_000671.JPG,1464,177,1715,459,Flower_23
NARS-04_000671.JPG,783,2764,1046,3040,Flower_24
NARS-04_000671.JPG,81,2531,293,2779,Flower_22
NARS-04_000671.JPG,1687,3028,1933,3277,Flower_26
NARS-04_000671.JPG,2107,1755,2359,1980,Flower_27
NARS-04_000671.JPG,5624,2869,5928,3122,Flower_28
NARS-04_000671.JPG,5161,887,5403,1168,Flower_30
NARS-04_000674.JPG,1478,176,1718,451,Flower_23
NARS-04_000674.JPG,896,-1,1173,145,Flower_25
NARS-04_000674.JPG,1163,239,1456,556,Flower_29
NARS-04_000674.JPG,618,667,918,960,Flower_31
NARS-04_000674.JPG,802,2766,1076,3050,Flower_24
NARS-04_000674.JPG,1683,3036,1944,3269,Flower_26
NARS-04_000674.JPG,2121,1728,2361,1950,Flower_27
NARS-04_000674.JPG,86,2521,300,2765,Flower_22
NARS-04_000674.JPG,5664,2847,5950,3116,Flower_28
NARS-04_000674.JPG,5169,859,5441,1125,Flower_30
NARS-04_000675.JPG,911,0,1186,136,Flower_25
NARS-04_000675.JPG,1490,179,1715,445,Flower_23
NARS-04_000675.JPG,1181,231,1464,548,Flower_29
NARS-04_000675.JPG,624,673,930,959,Flower_31
NARS-04_000675.JPG,805,2768,1077,3048,Flower_24
NARS-04_000675.JPG,1698,3031,1941,3261,Flower_26
NARS-04_000675.JPG,2127,1723,2363,1946,Flower_27
NARS-04_000675.JPG,87,2520,295,2752,Flower_22
NARS-04_000675.JPG,5679,2845,5948,3101,Flower_28
NARS-04_000675.JPG,5174,861,5435,1162,Flower_30
NARS-04_000677.JPG,958,1,1228,139,Flower_25
NARS-04_000677.JPG,688,692,971,968,Flower_31
NARS-04_000677.JPG,1223,242,1494,558,Flower_29
NARS-04_000677.JPG,1496,195,1722,452,Flower_23
NARS-04_000677.JPG,2151,1749,2387,1974,Flower_27
NARS-04_000677.JPG,5172,854,5428,1137,Flower_30
NARS-04_000677.JPG,5679,2829,5952,3086,Flower_28
NARS-04_000677.JPG,1698,3027,1966,3277,Flower_26
NARS-04_000677.JPG,810,2758,1106,3052,Flower_24
NARS-04_000677.JPG,78,2507,321,2747,Flower_22
NARS-04_000684.JPG,1182,57,1435,353,Flower_25
NARS-04_000684.JPG,932,834,1193,1102,Flower_31
NARS-04_000684.JPG,896,2863,1188,3128,Flower_24
NARS-04_000684.JPG,1455,440,1707,742,Flower_29
NARS-04_000684.JPG,1527,299,1771,542,Flower_23
NARS-04_000684.JPG,2261,1862,2543,2144,Flower_27
NARS-04_000684.JPG,5747,2672,5998,2904,Flower_28
NARS-04_000684.JPG,1790,3099,2027,3356,Flower_26
NARS-04_000685.JPG,1204,75,1425,366,Flower_25
NARS-04_000685.JPG,1552,353,1796,555,Flower_23
NARS-04_000685.JPG,1507,470,1752,719,Flower_29
NARS-04_000685.JPG,963,862,1214,1124,Flower_31
NARS-04_000685.JPG,2322,1902,2586,2157,Flower_27
NARS-04_000685.JPG,5768,2628,6019,2817,Flower_28
NARS-04_000685.JPG,5130,809,5416,1010,Flower_30
NARS-04_000685.JPG,1031,2923,1303,3186,Flower_24
NARS-04_000685.JPG,1851,3117,2082,3368,Flower_26
NARS-04_000687.JPG,1204,141,1477,414,Flower_25
NARS-04_000687.JPG,1582,374,1817,575,Flower_23
NARS-04_000687.JPG,1516,510,1786,721,Flower_29
NARS-04_000687.JPG,953,879,1202,1119,Flower_31
NARS-04_000687.JPG,5160,794,5419,1036,Flower_30
NARS-04_000687.JPG,5758,2582,5994,2808,Flower_28
NARS-04_000687.JPG,2348,1912,2604,2151,Flower_27
NARS-04_000687.JPG,1056,2949,1319,3194,Flower_24
NARS-04_000687.JPG,1887,3112,2125,3369,Flower_26
NARS-04_000690.JPG,1216,159,1484,431,Flower_25
NARS-04_000690.JPG,1591,388,1835,579,Flower_23
NARS-04_000690.JPG,1560,489,1765,724,Flower_29
NARS-04_000690.JPG,944,887,1216,1149,Flower_31
NARS-04_000690.JPG,1036,2946,1271,3205,Flower_24
NARS-04_000690.JPG,1903,3133,2134,3376,Flower_26
NARS-04_000690.JPG,2371,1901,2613,2151,Flower_27
NARS-04_000690.JPG,5158,771,5428,1001,Flower_30
NARS-04_000690.JPG,5757,2575,6004,2812,Flower_28
NARS-04_000694.JPG,1212,162,1477,438,Flower_25
NARS-04_000694.JPG,1585,363,1813,570,Flower_23
NARS-04_000694.JPG,1549,480,1753,701,Flower_29
NARS-04_000694.JPG,931,915,1205,1165,Flower_31
NARS-04_000694.JPG,2370,1897,2617,2112,Flower_27
NARS-04_000694.JPG,5787,2595,6032,2807,Flower_28
NARS-04_000694.JPG,5187,778,5474,994,Flower_30
NARS-04_000695.JPG,1213,164,1453,437,Flower_25
NARS-04_000695.JPG,1528,460,1795,706,Flower_29
NARS-04_000695.JPG,1584,375,1807,545,Flower_23
NARS-04_000695.JPG,925,900,1193,1167,Flower_31
NARS-04_000695.JPG,5797,2606,6048,2817,Flower_28
NARS-04_000695.JPG,5212,785,5487,989,Flower_30
NARS-04_000695.JPG,2383,1901,2622,2154,Flower_27
NARS-04_000697.JPG,1161,127,1418,403,Flower_25
NARS-04_000697.JPG,1518,368,1772,673,Flower_29
NARS-04_000697.JPG,1557,286,1796,490,Flower_23
NARS-04_000697.JPG,835,873,1140,1154,Flower_31
NARS-04_000697.JPG,5813,2640,6073,2837,Flower_28
NARS-04_000697.JPG,5192,798,5487,1017,Flower_30
NARS-04_000697.JPG,2367,1923,2598,2187,Flower_27
NARS-04_000698.JPG,1094,72,1368,345,Flower_25
NARS-04_000698.JPG,1325,399,1636,686,Flower_29
NARS-04_000698.JPG,1549,275,1771,508,Flower_23
NARS-04_000698.JPG,721,837,1073,1116,Flower_31
NARS-04_000698.JPG,2338,1920,2569,2170,Flower_27
NARS-04_000698.JPG,5184,802,5483,1063,Flower_30
NARS-04_000698.JPG,5797,2667,6044,2894,Flower_28
NARS-04_000707.JPG,1014,7,1318,307,Flower_25
NARS-04_000707.JPG,1265,313,1588,631,Flower_29
NARS-04_000707.JPG,1498,229,1738,489,Flower_23
NARS-04_000707.JPG,705,791,1048,1066,Flower_31
NARS-04_000707.JPG,2193,1809,2437,2058,Flower_27
NARS-04_000707.JPG,5693,2797,5971,3052,Flower_28
NARS-04_000707.JPG,5207,790,5543,1048,Flower_30
NARS-04_000708.JPG,721,792,1050,1060,Flower_31
NARS-04_000708.JPG,1271,309,1602,627,Flower_29
NARS-04_000708.JPG,1017,2,1315,302,Flower_25
NARS-04_000708.JPG,1505,248,1736,476,Flower_23
NARS-04_000708.JPG,2196,1816,2435,2047,Flower_27
NARS-04_000708.JPG,5690,2779,5973,3041,Flower_28
NARS-04_000708.JPG,5221,805,5535,1050,Flower_30
NARS-04_000713.JPG,1043,37,1338,359,Flower_25
NARS-04_000713.JPG,1205,344,1552,668,Flower_29
NARS-04_000713.JPG,756,836,1065,1105,Flower_31
NARS-04_000713.JPG,2158,1896,2413,2141,Flower_27
NARS-04_000713.JPG,5669,2733,5956,2990,Flower_28
NARS-04_000713.JPG,5209,808,5524,1023,Flower_30
NARS-04_000713.JPG,1487,241,1726,479,Flower_23
NARS-04_000717.JPG,731,859,1051,1140,Flower_31
NARS-04_000717.JPG,956,402,1264,690,Flower_29
NARS-04_000717.JPG,1118,111,1387,436,Flower_25
NARS-04_000717.JPG,2014,1850,2338,2090,Flower_27
NARS-04_000717.JPG,5677,2796,5971,3071,Flower_28
NARS-04_000717.JPG,5242,817,5560,1032,Flower_30
NARS-04_000719.JPG,734,806,1061,1111,Flower_31
NARS-04_000719.JPG,1020,37,1332,392,Flower_25
NARS-04_000719.JPG,1174,234,1473,574,Flower_29
NARS-04_000719.JPG,2049,1783,2380,2054,Flower_27
NARS-04_000719.JPG,5269,823,5583,1055,Flower_30
NARS-04_000719.JPG,5682,2799,5977,3087,Flower_28
NARS-04_000726.JPG,1101,49,1375,379,Flower_25
NARS-04_000726.JPG,1395,524,1635,809,Flower_29
NARS-04_000726.JPG,853,850,1151,1138,Flower_31
NARS-04_000726.JPG,2133,1877,2433,2142,Flower_27
NARS-04_000726.JPG,5278,825,5579,1018,Flower_30
NARS-04_000726.JPG,5722,2721,6004,2968,Flower_28
NARS-04_000729.JPG,989,1,1309,331,Flower_25
NARS-04_000729.JPG,1440,567,1675,850,Flower_29
NARS-04_000729.JPG,906,893,1199,1170,Flower_31
NARS-04_000729.JPG,2079,1769,2392,2036,Flower_27
NARS-04_000729.JPG,5703,2654,5976,2888,Flower_28
NARS-04_000729.JPG,5263,840,5590,1011,Flower_30
NARS-04_000734.JPG,870,850,1158,1139,Flower_31
NARS-04_000734.JPG,2175,1844,2459,2123,Flower_27
NARS-04_000734.JPG,1415,506,1637,786,Flower_29
NARS-04_000734.JPG,1047,3,1344,340,Flower_25
NARS-04_000734.JPG,5621,2739,5930,3046,Flower_28
NARS-04_000734.JPG,5271,832,5587,1002,Flower_30
NARS-04_000736.JPG,5630,2772,5928,3060,Flower_28
NARS-04_000736.JPG,2152,1836,2427,2097,Flower_27
NARS-04_000736.JPG,834,832,1107,1107,Flower_31
NARS-04_000736.JPG,1345,437,1603,707,Flower_29
NARS-04_000736.JPG,1041,2,1335,324,Flower_25
NARS-04_000736.JPG,5314,825,5590,993,Flower_30
NARS-04_000743.JPG,1006,4,1316,350,Flower_25
NARS-04_000743.JPG,1273,353,1595,657,Flower_29
NARS-04_000743.JPG,826,835,1116,1121,Flower_31
NARS-04_000743.JPG,2162,1757,2457,2058,Flower_27
NARS-04_000743.JPG,5701,2729,5993,3024,Flower_28
NARS-04_000743.JPG,5273,823,5617,1037,Flower_30
NARS-04_000744.JPG,990,2,1318,324,Flower_25
NARS-04_000744.JPG,1285,369,1600,669,Flower_29
NARS-04_000744.JPG,802,822,1111,1112,Flower_31
NARS-04_000744.JPG,2156,1747,2455,2050,Flower_27
NARS-04_000744.JPG,5696,2733,5991,3026,Flower_28
NARS-04_000744.JPG,5245,829,5614,997,Flower_30
NARS-04_000746.JPG,1260,336,1582,643,Flower_29
NARS-04_000746.JPG,972,0,1296,311,Flower_25
NARS-04_000746.JPG,761,788,1051,1075,Flower_31
NARS-04_000746.JPG,2135,1739,2432,2043,Flower_27
NARS-04_000746.JPG,5667,2751,5980,3052,Flower_28
NARS-04_000746.JPG,5261,831,5615,1002,Flower_30
NARS-04_000751.JPG,984,0,1302,334,Flower_25
NARS-04_000751.JPG,1260,336,1586,629,Flower_29
NARS-04_000751.JPG,771,805,1066,1087,Flower_31
NARS-04_000751.JPG,2121,1728,2427,2046,Flower_27
NARS-04_000751.JPG,5276,825,5617,1018,Flower_30
NARS-04_000751.JPG,5672,2736,5977,3042,Flower_28
NARS-04_000754.JPG,1023,1,1325,338,Flower_25
NARS-04_000754.JPG,1277,363,1592,647,Flower_29
NARS-04_000754.JPG,791,816,1097,1097,Flower_31
NARS-04_000754.JPG,2134,1742,2433,2050,Flower_27
NARS-04_000754.JPG,5257,828,5613,995,Flower_30
NARS-04_000754.JPG,5686,2722,5984,3005,Flower_28
NARS-04_000755.JPG,5702,2729,5980,2994,Flower_28
NARS-04_000755.JPG,2142,1760,2427,2038,Flower_27
NARS-04_000755.JPG,804,824,1077,1099,Flower_31
NARS-04_000755.JPG,1296,368,1585,638,Flower_29
NARS-04_000755.JPG,1041,2,1326,324,Flower_25
NARS-04_000755.JPG,5304,832,5607,1000,Flower_30
NARS-04_000760.JPG,5702,2721,5980,2968,Flower_28
NARS-04_000760.JPG,2203,1795,2469,2073,Flower_27
NARS-04_000760.JPG,827,855,1100,1116,Flower_31
NARS-04_000760.JPG,1361,414,1614,684,Flower_29
NARS-04_000760.JPG,1105,44,1361,366,Flower_25
NARS-04_000760.JPG,5301,829,5604,993,Flower_30
NARS-04_000762.JPG,1099,38,1363,371,Flower_25
NARS-04_000762.JPG,1353,412,1621,683,Flower_29
NARS-04_000762.JPG,820,841,1108,1126,Flower_31
NARS-04_000762.JPG,2204,1788,2484,2085,Flower_27
NARS-04_000762.JPG,5690,2710,5981,2982,Flower_28
NARS-04_000762.JPG,5259,819,5608,997,Flower_30
NARS-04_000769.JPG,948,3,1274,334,Flower_25
NARS-04_000769.JPG,1197,283,1528,574,Flower_29
NARS-04_000769.JPG,678,793,967,1070,Flower_31
NARS-04_000769.JPG,43,2165,229,2329,Flower_32
NARS-04_000769.JPG,2168,1754,2447,2045,Flower_27
NARS-04_000769.JPG,5280,845,5626,1047,Flower_30
NARS-04_000769.JPG,5666,2793,5967,3093,Flower_28
NARS-04_000772.JPG,609,753,909,1043,Flower_31
NARS-04_000772.JPG,19,2150,243,2337,Flower_32
NARS-04_000772.JPG,5636,2784,5946,3089,Flower_28
NARS-04_000772.JPG,5283,846,5634,1064,Flower_30
NARS-04_000772.JPG,929,0,1253,318,Flower_25
NARS-04_000772.JPG,1210,262,1533,556,Flower_29
NARS-04_000772.JPG,2142,1734,2419,2027,Flower_27
NARS-04_000778.JPG,5638,2793,5926,3068,Flower_28
NARS-04_000778.JPG,2162,1713,2428,1991,Flower_27
NARS-04_000778.JPG,620,743,903,1032,Flower_31
NARS-04_000778.JPG,1235,227,1539,518,Flower_29
NARS-04_000778.JPG,931,5,1238,301,Flower_25
NARS-04_000778.JPG,56,2132,281,2310,Flower_32
NARS-04_000778.JPG,5307,832,5619,1059,Flower_30
NARS-04_000780.JPG,5638,2793,5939,3068,Flower_28
NARS-04_000780.JPG,2162,1713,2428,1991,Flower_27
NARS-04_000780.JPG,728,853,971,1093,Flower_31
NARS-04_000780.JPG,1304,293,1587,549,Flower_29
NARS-04_000780.JPG,998,8,1282,320,Flower_25
NARS-04_000780.JPG,56,2132,281,2310,Flower_32
NARS-04_000780.JPG,5307,852,5619,1059,Flower_30
NARS-04_000783.JPG,946,5,1265,322,Flower_25
NARS-04_000783.JPG,1309,236,1598,536,Flower_29
NARS-04_000783.JPG,649,794,941,1078,Flower_31
NARS-04_000783.JPG,47,2134,298,2326,Flower_32
NARS-04_000783.JPG,2184,1736,2474,2025,Flower_27
NARS-04_000783.JPG,5332,838,5621,1046,Flower_30
NARS-04_000783.JPG,5624,2767,5934,3073,Flower_28
NARS-04_000784.JPG,941,0,1272,326,Flower_25
NARS-04_000784.JPG,1301,234,1599,536,Flower_29
NARS-04_000784.JPG,644,797,927,1077,Flower_31
NARS-04_000784.JPG,68,2140,316,2329,Flower_32
NARS-04_000784.JPG,2184,1736,2470,2024,Flower_27
NARS-04_000784.JPG,5314,845,5634,1046,Flower_30
NARS-04_000784.JPG,5621,2785,5939,3078,Flower_28
NARS-04_000785.JPG,943,1,1252,313,Flower_25
NARS-04_000785.JPG,1294,222,1591,523,Flower_29
NARS-04_000785.JPG,619,784,917,1062,Flower_31
NARS-04_000785.JPG,81,2138,319,2324,Flower_32
NARS-04_000785.JPG,2179,1727,2463,2016,Flower_27
NARS-04_000785.JPG,5308,845,5585,1042,Flower_30
NARS-04_000785.JPG,5629,2775,5937,3074,Flower_28
NARS-04_000794.JPG,871,0,1209,249,Flower_25
NARS-04_000794.JPG,1225,276,1515,522,Flower_29
NARS-04_000794.JPG,578,768,880,1054,Flower_31
NARS-04_000794.JPG,-2,2103,220,2399,Flower_32
NARS-04_000794.JPG,2180,1726,2400,2001,Flower_27
NARS-04_000794.JPG,5610,2829,5918,3128,Flower_28
NARS-04_000794.JPG,5318,872,5608,1117,Flower_30
NARS-04_000805.JPG,937,5,1258,274,Flower_25
NARS-04_000805.JPG,1245,279,1456,550,Flower_29
NARS-04_000805.JPG,656,758,958,1053,Flower_31
NARS-04_000805.JPG,86,2318,416,2548,Flower_32
NARS-04_000805.JPG,5619,2807,5916,3092,Flower_28
NARS-04_000805.JPG,5274,836,5597,1065,Flower_30
NARS-04_000805.JPG,2146,1799,2380,2038,Flower_27
NARS-04_000807.JPG,1249,258,1454,534,Flower_29
NARS-04_000807.JPG,902,28,1214,243,Flower_25
NARS-04_000807.JPG,666,720,971,1041,Flower_31
NARS-04_000807.JPG,37,2287,400,2536,Flower_32
NARS-04_000807.JPG,2144,1757,2381,2034,Flower_27
NARS-04_000807.JPG,5300,854,5637,1074,Flower_30
NARS-04_000808.JPG,652,704,926,1039,Flower_31
NARS-04_000808.JPG,36,2285,395,2530,Flower_32
NARS-04_000808.JPG,2160,1779,2402,2042,Flower_27
NARS-04_000808.JPG,5300,854,5637,1074,Flower_30
NARS-04_000808.JPG,1249,258,1454,534,Flower_29
NARS-04_000809.JPG,585,675,882,1033,Flower_31
NARS-04_000809.JPG,2,2158,349,2449,Flower_32
NARS-04_000809.JPG,5300,854,5637,1074,Flower_30
NARS-04_000809.JPG,1261,244,1466,520,Flower_29
NARS-04_000809.JPG,2166,1770,2408,2033,Flower_27
NARS-04_000810.JPG,558,679,850,983,Flower_31
NARS-04_000810.JPG,1,2105,279,2410,Flower_32
NARS-04_000810.JPG,1245,257,1439,534,Flower_29
NARS-04_000810.JPG,5270,843,5578,1082,Flower_30
NARS-04_000811.JPG,572,675,852,962,Flower_31
NARS-04_000811.JPG,2,2071,247,2357,Flower_32
NARS-04_000811.JPG,5312,852,5595,1083,Flower_30
NARS-04_000811.JPG,1248,248,1447,525,Flower_29
NARS-04_000812.JPG,567,677,856,1020,Flower_31
NARS-04_000812.JPG,1215,269,1431,524,Flower_29
NARS-04_000812.JPG,1,2075,253,2391,Flower_32
NARS-04_000812.JPG,5279,852,5587,1073,Flower_30
NARS-04_000815.JPG,486,643,798,938,Flower_31
NARS-04_000815.JPG,1,2068,191,2373,Flower_32
NARS-04_000817.JPG,545,677,841,967,Flower_31
NARS-04_000817.JPG,1,2079,304,2394,Flower_32
NARS-04_000822.JPG,542,704,821,970,Flower_31
NARS-04_000822.JPG,1,2089,256,2390,Flower_32
NARS-04_000828.JPG,569,702,846,972,Flower_31
NARS-04_000828.JPG,4,2065,272,2378,Flower_32
NARS-04_000829.JPG,554,716,837,976,Flower_31
NARS-04_000829.JPG,1,2073,261,2385,Flower_32
NARS-04_000830.JPG,565,704,855,987,Flower_31
NARS-04_000830.JPG,1,2082,284,2393,Flower_32
NARS-04_000833.JPG,584,706,857,989,Flower_31
NARS-04_000833.JPG,0,2061,302,2370,Flower_32
NARS-04_000835.JPG,2,2088,283,2374,Flower_32
NARS-04_000835.JPG,594,732,846,985,Flower_31
NARS-04_000845.JPG,0,2064,317,2376,Flower_32
NARS-04_000845.JPG,657,761,903,1001,Flower_31
NARS-04_000846.JPG,1,2065,327,2369,Flower_32
NARS-04_000846.JPG,654,754,900,1005,Flower_31
NARS-04_000848.JPG,3,2072,316,2371,Flower_32
NARS-04_000851.JPG,1,2079,326,2387,Flower_32
NARS-04_000854.JPG,-2,2087,338,2401,Flower_32
NARS-04_000855.JPG,7,2096,338,2394,Flower_32
NARS-04_000859.JPG,7,2096,338,2394,Flower_32
NARS-04_000860.JPG,1,2114,332,2409,Flower_32
NARS-04_000862.JPG,2,2148,311,2428,Flower_32
NARS-04_000865.JPG,0,2118,286,2420,Flower_32
NARS-04_000866.JPG,2,2117,264,2412,Flower_32
NARS-04_000870.JPG,0,2113,275,2418,Flower_32
NARS-04_000871.JPG,0,2115,281,2421,Flower_32
NARS-04_000876.JPG,1,2109,284,2415,Flower_32
NARS-04_000879.JPG,3,2132,278,2420,Flower_32
NARS-04_000883.JPG,5,2175,273,2462,Flower_32
NARS-04_000885.JPG,121,2271,446,2548,Flower_32
NARS-04_000886.JPG,97,2271,449,2555,Flower_32
