frame,filename,x_min,x_max,y_min,y_max,x_c,y_c,objectID
291,NARS-04_000291.JPG,3033,3192,2956,3129,3112.5,3042.5,0
291,NARS-04_000291.JPG,3630,3795,2932,3084,3712.5,3008.0,1
297,NARS-04_000297.JPG,3615,3820,2909,3095,3717.5,3002.0,1
297,NARS-04_000297.JPG,2970,3158,2910,3129,3064.0,3019.5,0
300,NARS-04_000300.JPG,3616,3825,2906,3097,3720.5,3001.5,1
300,NARS-04_000300.JPG,2960,3160,2910,3129,3060.0,3019.5,0
301,NARS-04_000301.JPG,3613,3826,2907,3102,3719.5,3004.5,1
301,NARS-04_000301.JPG,2967,3155,2912,3127,3061.0,3019.5,0
307,NARS-04_000307.JPG,3628,3864,2943,3134,3746.0,3038.5,1
307,NARS-04_000307.JPG,3022,3222,2912,3147,3122.0,3029.5,0
307,NARS-04_000307.JPG,2177,2330,388,529,2253.5,458.5,2
308,NARS-04_000308.JPG,2177,2330,388,529,2253.5,458.5,2
308,NARS-04_000308.JPG,3014,3231,2905,3167,3122.5,3036.0,0
308,NARS-04_000308.JPG,3622,3859,2954,3156,3740.5,3055.0,1
308,NARS-04_000308.JPG,2257,2374,1351,1460,2315.5,1405.5,3
310,NARS-04_000310.JPG,2252,2389,1368,1478,2320.5,1423.0,3
310,NARS-04_000310.JPG,2991,3238,2905,3188,3114.5,3046.5,0
310,NARS-04_000310.JPG,2113,2307,344,537,2210.0,440.5,2
310,NARS-04_000310.JPG,3613,3860,2968,3183,3736.5,3075.5,1
313,NARS-04_000313.JPG,2206,2470,1319,1549,2338.0,1434.0,3
313,NARS-04_000313.JPG,2935,3230,2900,3216,3082.5,3058.0,0
313,NARS-04_000313.JPG,2042,2338,316,587,2190.0,451.5,2
313,NARS-04_000313.JPG,3581,3892,2951,3212,3736.5,3081.5,1
313,NARS-04_000313.JPG,5,163,3254,3418,84.0,3336.0,4
315,NARS-04_000315.JPG,0,186,3234,3417,93.0,3325.5,4
315,NARS-04_000315.JPG,2200,2475,1285,1542,2337.5,1413.5,3
315,NARS-04_000315.JPG,2927,3218,2906,3219,3072.5,3062.5,0
315,NARS-04_000315.JPG,2036,2331,302,570,2183.5,436.0,2
315,NARS-04_000315.JPG,3569,3847,2962,3226,3708.0,3094.0,1
318,NARS-04_000318.JPG,1,185,3245,3420,93.0,3332.5,4
318,NARS-04_000318.JPG,2192,2474,1270,1542,2333.0,1406.0,3
318,NARS-04_000318.JPG,3590,3862,2960,3199,3726.0,3079.5,1
318,NARS-04_000318.JPG,2027,2327,293,570,2177.0,431.5,2
318,NARS-04_000318.JPG,2988,3273,2909,3209,3130.5,3059.0,0
328,NARS-04_000328.JPG,1,175,3254,3416,88.0,3335.0,4
328,NARS-04_000328.JPG,2187,2473,1281,1538,2330.0,1409.5,3
328,NARS-04_000328.JPG,2973,3243,2924,3212,3108.0,3068.0,0
328,NARS-04_000328.JPG,2022,2323,299,582,2172.5,440.5,2
328,NARS-04_000328.JPG,3581,3850,2985,3216,3715.5,3100.5,1
332,NARS-04_000332.JPG,2190,2468,1291,1539,2329.0,1415.0,3
332,NARS-04_000332.JPG,1,175,3254,3416,88.0,3335.0,4
332,NARS-04_000332.JPG,2034,2320,300,575,2177.0,437.5,2
332,NARS-04_000332.JPG,3586,3851,2973,3201,3718.5,3087.0,1
332,NARS-04_000332.JPG,2999,3271,2922,3203,3135.0,3062.5,0
333,NARS-04_000333.JPG,2190,2471,1290,1543,2330.5,1416.5,3
333,NARS-04_000333.JPG,1,175,3254,3416,88.0,3335.0,4
333,NARS-04_000333.JPG,2029,2328,292,578,2178.5,435.0,2
333,NARS-04_000333.JPG,3590,3859,2968,3199,3724.5,3083.5,1
333,NARS-04_000333.JPG,2995,3273,2914,3210,3134.0,3062.0,0
335,NARS-04_000335.JPG,2186,2465,1295,1548,2325.5,1421.5,3
335,NARS-04_000335.JPG,-1,170,3275,3419,84.5,3347.0,4
335,NARS-04_000335.JPG,2039,2336,295,573,2187.5,434.0,2
335,NARS-04_000335.JPG,3602,3869,2968,3201,3735.5,3084.5,1
335,NARS-04_000335.JPG,3005,3281,2904,3202,3143.0,3053.0,0
336,NARS-04_000336.JPG,2049,2351,294,585,2200.0,439.5,2
336,NARS-04_000336.JPG,2177,2465,1282,1550,2321.0,1416.0,3
336,NARS-04_000336.JPG,3604,3878,2962,3202,3741.0,3082.0,1
336,NARS-04_000336.JPG,2993,3276,2898,3200,3134.5,3049.0,0
339,NARS-04_000339.JPG,2041,2339,296,578,2190.0,437.0,2
339,NARS-04_000339.JPG,2985,3256,2894,3194,3120.5,3044.0,0
339,NARS-04_000339.JPG,2155,2445,1278,1532,2300.0,1405.0,3
339,NARS-04_000339.JPG,3612,3866,2972,3200,3739.0,3086.0,1
342,NARS-04_000342.JPG,2040,2339,293,579,2189.5,436.0,2
342,NARS-04_000342.JPG,2985,3264,2909,3204,3124.5,3056.5,0
342,NARS-04_000342.JPG,2155,2452,1275,1543,2303.5,1409.0,3
342,NARS-04_000342.JPG,3602,3864,2974,3203,3733.0,3088.5,1
342,NARS-04_000342.JPG,1177,1294,562,673,1235.5,617.5,5
347,NARS-04_000347.JPG,2029,2326,297,575,2177.5,436.0,2
347,NARS-04_000347.JPG,2147,2458,1281,1553,2302.5,1417.0,3
347,NARS-04_000347.JPG,1133,1298,564,689,1215.5,626.5,5
347,NARS-04_000347.JPG,2993,3265,2907,3213,3129.0,3060.0,0
347,NARS-04_000347.JPG,3584,3852,2987,3220,3718.0,3103.5,1
348,NARS-04_000348.JPG,1138,1301,566,689,1219.5,627.5,5
348,NARS-04_000348.JPG,2147,2460,1286,1550,2303.5,1418.0,3
348,NARS-04_000348.JPG,2026,2326,293,579,2176.0,436.0,2
348,NARS-04_000348.JPG,2990,3269,2913,3217,3129.5,3065.0,0
348,NARS-04_000348.JPG,3586,3848,2981,3221,3717.0,3101.0,1
352,NARS-04_000352.JPG,1135,1300,574,695,1217.5,634.5,5
352,NARS-04_000352.JPG,2152,2458,1290,1557,2305.0,1423.5,3
352,NARS-04_000352.JPG,2020,2325,303,577,2172.5,440.0,2
352,NARS-04_000352.JPG,3012,3293,2920,3215,3152.5,3067.5,0
352,NARS-04_000352.JPG,3571,3850,3003,3230,3710.5,3116.5,1
355,NARS-04_000355.JPG,2165,2464,1290,1551,2314.5,1420.5,3
355,NARS-04_000355.JPG,2058,2359,328,620,2208.5,474.0,2
355,NARS-04_000355.JPG,1163,1368,567,733,1265.5,650.0,5
355,NARS-04_000355.JPG,2998,3279,2946,3238,3138.5,3092.0,0
355,NARS-04_000355.JPG,3626,3908,3024,3241,3767.0,3132.5,1
357,NARS-04_000357.JPG,1114,1342,520,730,1228.0,625.0,5
357,NARS-04_000357.JPG,2971,3243,2910,3191,3107.0,3050.5,0
357,NARS-04_000357.JPG,2047,2332,311,596,2189.5,453.5,2
357,NARS-04_000357.JPG,2157,2444,1280,1528,2300.5,1404.0,3
357,NARS-04_000357.JPG,3608,3873,3003,3222,3740.5,3112.5,1
369,NARS-04_000369.JPG,2179,2481,1283,1552,2330.0,1417.5,3
369,NARS-04_000369.JPG,3601,3872,2990,3212,3736.5,3101.0,1
369,NARS-04_000369.JPG,1999,2297,287,578,2148.0,432.5,2
369,NARS-04_000369.JPG,1059,1347,447,707,1203.0,577.0,5
369,NARS-04_000369.JPG,2853,3126,2886,3177,2989.5,3031.5,0
371,NARS-04_000371.JPG,2183,2482,1294,1555,2332.5,1424.5,3
371,NARS-04_000371.JPG,3611,3855,3007,3215,3733.0,3111.0,1
371,NARS-04_000371.JPG,2002,2292,296,577,2147.0,436.5,2
371,NARS-04_000371.JPG,1064,1342,435,710,1203.0,572.5,5
371,NARS-04_000371.JPG,2836,3104,2896,3178,2970.0,3037.0,0
372,NARS-04_000372.JPG,2181,2482,1288,1559,2331.5,1423.5,3
372,NARS-04_000372.JPG,2005,2310,294,584,2157.5,439.0,2
372,NARS-04_000372.JPG,3611,3868,2996,3218,3739.5,3107.0,1
372,NARS-04_000372.JPG,1058,1335,430,715,1196.5,572.5,5
372,NARS-04_000372.JPG,2832,3101,2887,3188,2966.5,3037.5,0
376,NARS-04_000376.JPG,2019,2327,286,578,2173.0,432.0,2
376,NARS-04_000376.JPG,3614,3878,2975,3196,3746.0,3085.5,1
376,NARS-04_000376.JPG,2191,2494,1302,1569,2342.5,1435.5,3
376,NARS-04_000376.JPG,1039,1317,419,705,1178.0,562.0,5
376,NARS-04_000376.JPG,2889,3167,2859,3144,3028.0,3001.5,0
376,NARS-04_000376.JPG,2138,2252,1016,1150,2195.0,1083.0,6
376,NARS-04_000376.JPG,2051,2176,2873,3001,2113.5,2937.0,7
377,NARS-04_000377.JPG,2051,2177,2873,3016,2114.0,2944.5,7
377,NARS-04_000377.JPG,2145,2266,1023,1146,2205.5,1084.5,6
377,NARS-04_000377.JPG,2008,2324,284,579,2166.0,431.5,2
377,NARS-04_000377.JPG,3620,3881,2984,3201,3750.5,3092.5,1
377,NARS-04_000377.JPG,1051,1345,439,729,1198.0,584.0,5
377,NARS-04_000377.JPG,2190,2489,1312,1574,2339.5,1443.0,3
377,NARS-04_000377.JPG,2909,3197,2872,3163,3053.0,3017.5,0
377,NARS-04_000377.JPG,2,100,3213,3370,51.0,3291.5,4
381,NARS-04_000381.JPG,2140,2289,1015,1156,2214.5,1085.5,6
381,NARS-04_000381.JPG,-2,128,3239,3418,63.0,3328.5,4
381,NARS-04_000381.JPG,2170,2480,1314,1579,2325.0,1446.5,3
381,NARS-04_000381.JPG,2020,2327,324,624,2173.5,474.0,2
381,NARS-04_000381.JPG,3624,3886,3025,3242,3755.0,3133.5,1
381,NARS-04_000381.JPG,1017,1298,478,778,1157.5,628.0,5
381,NARS-04_000381.JPG,2900,3182,2935,3230,3041.0,3082.5,0
381,NARS-04_000381.JPG,2045,2203,2910,3098,2124.0,3004.0,7
382,NARS-04_000382.JPG,2116,2256,1015,1172,2186.0,1093.5,6
382,NARS-04_000382.JPG,0,99,3227,3415,49.5,3321.0,4
382,NARS-04_000382.JPG,2162,2472,1325,1585,2317.0,1455.0,3
382,NARS-04_000382.JPG,2006,2307,322,625,2156.5,473.5,2
382,NARS-04_000382.JPG,3605,3867,3011,3235,3736.0,3123.0,1
382,NARS-04_000382.JPG,2004,2187,2893,3105,2095.5,2999.0,7
382,NARS-04_000382.JPG,1020,1301,512,796,1160.5,654.0,5
382,NARS-04_000382.JPG,2869,3146,2906,3212,3007.5,3059.0,0
382,NARS-04_000382.JPG,601,760,310,483,680.5,396.5,8
383,NARS-04_000383.JPG,2124,2249,1024,1160,2186.5,1092.0,6
383,NARS-04_000383.JPG,571,744,306,479,657.5,392.5,8
383,NARS-04_000383.JPG,2017,2302,321,606,2159.5,463.5,2
383,NARS-04_000383.JPG,3608,3873,3003,3222,3740.5,3112.5,1
383,NARS-04_000383.JPG,2152,2439,1332,1580,2295.5,1456.0,3
383,NARS-04_000383.JPG,1980,2181,2904,3116,2080.5,3010.0,7
383,NARS-04_000383.JPG,1019,1287,508,774,1153.0,641.0,5
383,NARS-04_000383.JPG,2853,3124,2917,3192,2988.5,3054.5,0
388,NARS-04_000388.JPG,3605,3867,2971,3188,3736.0,3079.5,1
388,NARS-04_000388.JPG,2160,2470,1281,1557,2315.0,1419.0,3
388,NARS-04_000388.JPG,2112,2269,983,1169,2190.5,1076.0,6
388,NARS-04_000388.JPG,1030,1327,464,752,1178.5,608.0,5
388,NARS-04_000388.JPG,2003,2301,321,628,2152.0,474.5,2
388,NARS-04_000388.JPG,1911,2205,2827,3135,2058.0,2981.0,7
388,NARS-04_000388.JPG,506,779,205,490,642.5,347.5,8
388,NARS-04_000388.JPG,1,107,3125,3405,54.0,3265.0,4
388,NARS-04_000388.JPG,2859,3135,2940,3225,2997.0,3082.5,0
388,NARS-04_000388.JPG,843,1083,304,556,963.0,430.0,9
388,NARS-04_000388.JPG,3700,3976,2220,2432,3838.0,2326.0,10
388,NARS-04_000388.JPG,1955,2094,1764,1898,2024.5,1831.0,11
389,NARS-04_000389.JPG,3595,3860,2967,3186,3727.5,3076.5,1
389,NARS-04_000389.JPG,2136,2277,998,1169,2206.5,1083.5,6
389,NARS-04_000389.JPG,2188,2475,1301,1549,2331.5,1425.0,3
389,NARS-04_000389.JPG,1042,1330,477,755,1186.0,616.0,5
389,NARS-04_000389.JPG,3719,3980,2231,2441,3849.5,2336.0,10
389,NARS-04_000389.JPG,1983,2100,1767,1899,2041.5,1833.0,11
389,NARS-04_000389.JPG,860,1098,312,567,979.0,439.5,9
389,NARS-04_000389.JPG,513,771,217,488,642.0,352.5,8
389,NARS-04_000389.JPG,2029,2314,339,624,2171.5,481.5,2
389,NARS-04_000389.JPG,1925,2195,2820,3114,2060.0,2967.0,7
389,NARS-04_000389.JPG,1,107,3125,3405,54.0,3265.0,4
389,NARS-04_000389.JPG,2853,3124,2917,3192,2988.5,3054.5,0
391,NARS-04_000391.JPG,2122,2281,997,1176,2201.5,1086.5,6
391,NARS-04_000391.JPG,3706,3983,2235,2448,3844.5,2341.5,10
391,NARS-04_000391.JPG,1978,2110,1756,1912,2044.0,1834.0,11
391,NARS-04_000391.JPG,848,1118,303,578,983.0,440.5,9
391,NARS-04_000391.JPG,1060,1370,478,768,1215.0,623.0,5
391,NARS-04_000391.JPG,3595,3851,2959,3168,3723.0,3063.5,1
391,NARS-04_000391.JPG,2189,2489,1302,1570,2339.0,1436.0,3
391,NARS-04_000391.JPG,1916,2213,2827,3140,2064.5,2983.5,7
391,NARS-04_000391.JPG,500,776,204,491,638.0,347.5,8
391,NARS-04_000391.JPG,2015,2326,338,647,2170.5,492.5,2
391,NARS-04_000391.JPG,-1,105,3128,3418,52.0,3273.0,4
391,NARS-04_000391.JPG,2834,3117,2935,3218,2975.5,3076.5,0
393,NARS-04_000393.JPG,2116,2284,983,1178,2200.0,1080.5,6
393,NARS-04_000393.JPG,847,1117,284,589,982.0,436.5,9
393,NARS-04_000393.JPG,3706,3995,2225,2460,3850.5,2342.5,10
393,NARS-04_000393.JPG,503,789,214,502,646.0,358.0,8
393,NARS-04_000393.JPG,1986,2111,1755,1914,2048.5,1834.5,11
393,NARS-04_000393.JPG,3596,3861,2951,3179,3728.5,3065.0,1
393,NARS-04_000393.JPG,2186,2492,1296,1570,2339.0,1433.0,3
393,NARS-04_000393.JPG,1063,1402,488,782,1232.5,635.0,5
393,NARS-04_000393.JPG,1897,2200,2821,3138,2048.5,2979.5,7
393,NARS-04_000393.JPG,2011,2328,334,654,2169.5,494.0,2
393,NARS-04_000393.JPG,0,120,3119,3410,60.0,3264.5,4
393,NARS-04_000393.JPG,2828,3116,2934,3227,2972.0,3080.5,0
394,NARS-04_000394.JPG,2129,2278,993,1177,2203.5,1085.0,6
394,NARS-04_000394.JPG,3707,3983,2237,2452,3845.0,2344.5,10
394,NARS-04_000394.JPG,850,1121,299,578,985.5,438.5,9
394,NARS-04_000394.JPG,1983,2114,1751,1911,2048.5,1831.0,11
394,NARS-04_000394.JPG,3600,3855,2963,3172,3727.5,3067.5,1
394,NARS-04_000394.JPG,506,783,207,492,644.5,349.5,8
394,NARS-04_000394.JPG,2190,2488,1306,1565,2339.0,1435.5,3
394,NARS-04_000394.JPG,1908,2194,2817,3124,2051.0,2970.5,7
394,NARS-04_000394.JPG,1077,1388,488,779,1232.5,633.5,5
394,NARS-04_000394.JPG,0,113,3133,3411,56.5,3272.0,4
394,NARS-04_000394.JPG,2014,2324,346,655,2169.0,500.5,2
394,NARS-04_000394.JPG,2835,3105,2947,3225,2970.0,3086.0,0
395,NARS-04_000395.JPG,849,1121,291,581,985.0,436.0,9
395,NARS-04_000395.JPG,2124,2288,999,1172,2206.0,1085.5,6
395,NARS-04_000395.JPG,1984,2113,1759,1903,2048.5,1831.0,11
395,NARS-04_000395.JPG,3709,3984,2240,2454,3846.5,2347.0,10
395,NARS-04_000395.JPG,3598,3857,2964,3177,3727.5,3070.5,1
395,NARS-04_000395.JPG,507,780,203,489,643.5,346.0,8
395,NARS-04_000395.JPG,2191,2490,1308,1565,2340.5,1436.5,3
395,NARS-04_000395.JPG,1908,2197,2808,3129,2052.5,2968.5,7
395,NARS-04_000395.JPG,1071,1391,494,787,1231.0,640.5,5
395,NARS-04_000395.JPG,1,118,3136,3408,59.5,3272.0,4
395,NARS-04_000395.JPG,2007,2316,344,656,2161.5,500.0,2
395,NARS-04_000395.JPG,2826,3105,2945,3226,2965.5,3085.5,0
396,NARS-04_000396.JPG,2120,2281,991,1183,2200.5,1087.0,6
396,NARS-04_000396.JPG,839,1123,289,576,981.0,432.5,9
396,NARS-04_000396.JPG,1982,2115,1748,1912,2048.5,1830.0,11
396,NARS-04_000396.JPG,3703,3995,2235,2462,3849.0,2348.5,10
396,NARS-04_000396.JPG,3592,3858,2960,3177,3725.0,3068.5,1
396,NARS-04_000396.JPG,494,792,202,490,643.0,346.0,8
396,NARS-04_000396.JPG,1899,2189,2811,3122,2044.0,2966.5,7
396,NARS-04_000396.JPG,2187,2528,1303,1572,2357.5,1437.5,3
396,NARS-04_000396.JPG,1075,1389,498,787,1232.0,642.5,5
396,NARS-04_000396.JPG,0,105,3118,3416,52.5,3267.0,4
396,NARS-04_000396.JPG,2016,2330,345,663,2173.0,504.0,2
396,NARS-04_000396.JPG,2820,3110,2943,3230,2965.0,3086.5,0
397,NARS-04_000397.JPG,2123,2276,999,1173,2199.5,1086.0,6
397,NARS-04_000397.JPG,846,1118,292,572,982.0,432.0,9
397,NARS-04_000397.JPG,1986,2113,1755,1907,2049.5,1831.0,11
397,NARS-04_000397.JPG,3603,3853,2968,3177,3728.0,3072.5,1
397,NARS-04_000397.JPG,3705,3978,2246,2451,3841.5,2348.5,10
397,NARS-04_000397.JPG,509,783,212,486,646.0,349.0,8
397,NARS-04_000397.JPG,2196,2486,1311,1569,2341.0,1440.0,3
397,NARS-04_000397.JPG,0,109,3141,3418,54.5,3279.5,4
397,NARS-04_000397.JPG,1079,1386,500,785,1232.5,642.5,5
397,NARS-04_000397.JPG,1899,2180,2805,3114,2039.5,2959.5,7
397,NARS-04_000397.JPG,2018,2321,357,662,2169.5,509.5,2
397,NARS-04_000397.JPG,2829,3099,2951,3232,2964.0,3091.5,0
405,NARS-04_000405.JPG,1932,2230,2812,3112,2081.0,2962.0,7
405,NARS-04_000405.JPG,2136,2288,988,1164,2212.0,1076.0,6
405,NARS-04_000405.JPG,3620,3874,2969,3181,3747.0,3075.0,1
405,NARS-04_000405.JPG,854,1123,281,560,988.5,420.5,9
405,NARS-04_000405.JPG,3740,4003,2243,2439,3871.5,2341.0,10
405,NARS-04_000405.JPG,1033,1326,478,762,1179.5,620.0,5
405,NARS-04_000405.JPG,485,775,190,483,630.0,336.5,8
405,NARS-04_000405.JPG,1955,2098,1774,1939,2026.5,1856.5,11
405,NARS-04_000405.JPG,2035,2340,340,634,2187.5,487.0,2
405,NARS-04_000405.JPG,2207,2495,1321,1582,2351.0,1451.5,3
405,NARS-04_000405.JPG,3,110,3093,3394,56.5,3243.5,4
405,NARS-04_000405.JPG,2820,3098,2930,3206,2959.0,3068.0,0
408,NARS-04_000408.JPG,3746,3997,2241,2438,3871.5,2339.5,10
408,NARS-04_000408.JPG,3583,3832,2986,3191,3707.5,3088.5,1
408,NARS-04_000408.JPG,2080,2243,1001,1183,2161.5,1092.0,6
408,NARS-04_000408.JPG,2196,2491,1336,1589,2343.5,1462.5,3
408,NARS-04_000408.JPG,2000,2288,348,648,2144.0,498.0,2
408,NARS-04_000408.JPG,784,1065,311,577,924.5,444.0,9
408,NARS-04_000408.JPG,452,713,233,493,582.5,363.0,8
408,NARS-04_000408.JPG,1899,2063,1773,1968,1981.0,1870.5,11
408,NARS-04_000408.JPG,1866,2147,2869,3151,2006.5,3010.0,7
408,NARS-04_000408.JPG,987,1264,542,814,1125.5,678.0,5
408,NARS-04_000408.JPG,2810,3077,2976,3242,2943.5,3109.0,0
410,NARS-04_000410.JPG,1894,2203,2829,3145,2048.5,2987.0,7
410,NARS-04_000410.JPG,3583,3833,2980,3188,3708.0,3084.0,1
410,NARS-04_000410.JPG,3722,3992,2212,2414,3857.0,2313.0,10
410,NARS-04_000410.JPG,1902,2107,1728,1955,2004.5,1841.5,11
410,NARS-04_000410.JPG,1,107,3125,3405,54.0,3265.0,4
410,NARS-04_000410.JPG,1987,2289,315,613,2138.0,464.0,2
410,NARS-04_000410.JPG,2064,2243,978,1177,2153.5,1077.5,6
410,NARS-04_000410.JPG,2130,2425,1262,1539,2277.5,1400.5,3
410,NARS-04_000410.JPG,437,720,198,483,578.5,340.5,8
410,NARS-04_000410.JPG,987,1277,467,737,1132.0,602.0,5
410,NARS-04_000410.JPG,754,1068,249,546,911.0,397.5,9
410,NARS-04_000410.JPG,2821,3085,2953,3224,2953.0,3088.5,0
410,NARS-04_000410.JPG,1734,1885,600,722,1809.5,661.0,12
419,NARS-04_000419.JPG,3597,3843,2964,3171,3720.0,3067.5,1
419,NARS-04_000419.JPG,3726,3990,2204,2415,3858.0,2309.5,10
419,NARS-04_000419.JPG,1683,1872,565,729,1777.5,647.0,12
419,NARS-04_000419.JPG,2071,2249,978,1172,2160.0,1075.0,6
419,NARS-04_000419.JPG,1872,2170,2829,3136,2021.0,2982.5,7
419,NARS-04_000419.JPG,1980,2277,309,607,2128.5,458.0,2
419,NARS-04_000419.JPG,2121,2421,1267,1544,2271.0,1405.5,3
419,NARS-04_000419.JPG,1863,2095,1736,1985,1979.0,1860.5,11
419,NARS-04_000419.JPG,765,1086,244,542,925.5,393.0,9
419,NARS-04_000419.JPG,422,701,212,500,561.5,356.0,8
419,NARS-04_000419.JPG,2836,3117,2954,3217,2976.5,3085.5,0
419,NARS-04_000419.JPG,958,1247,440,758,1102.5,599.0,5
421,NARS-04_000421.JPG,3597,3843,2966,3176,3720.0,3071.0,1
421,NARS-04_000421.JPG,1681,1874,576,731,1777.5,653.5,12
421,NARS-04_000421.JPG,3721,3991,2207,2414,3856.0,2310.5,10
421,NARS-04_000421.JPG,2061,2241,971,1173,2151.0,1072.0,6
421,NARS-04_000421.JPG,766,1081,255,542,923.5,398.5,9
421,NARS-04_000421.JPG,1869,2097,1753,1991,1983.0,1872.0,11
421,NARS-04_000421.JPG,2127,2413,1275,1543,2270.0,1409.0,3
421,NARS-04_000421.JPG,1977,2260,317,625,2118.5,471.0,2
421,NARS-04_000421.JPG,1863,2151,2842,3148,2007.0,2995.0,7
421,NARS-04_000421.JPG,429,701,224,495,565.0,359.5,8
421,NARS-04_000421.JPG,2841,3102,2952,3207,2971.5,3079.5,0
421,NARS-04_000421.JPG,958,1232,498,763,1095.0,630.5,5
426,NARS-04_000426.JPG,-1,129,3173,3418,64.0,3295.5,4
426,NARS-04_000426.JPG,1706,1912,573,754,1809.0,663.5,12
426,NARS-04_000426.JPG,1997,2316,312,641,2156.5,476.5,2
426,NARS-04_000426.JPG,466,771,246,526,618.5,386.0,8
426,NARS-04_000426.JPG,2120,2308,1005,1204,2214.0,1104.5,6
426,NARS-04_000426.JPG,3642,3888,2977,3188,3765.0,3082.5,1
426,NARS-04_000426.JPG,2141,2446,1318,1582,2293.5,1450.0,3
426,NARS-04_000426.JPG,1047,1360,528,799,1203.5,663.5,5
426,NARS-04_000426.JPG,2874,3146,2972,3235,3010.0,3103.5,0
426,NARS-04_000426.JPG,3786,4045,2218,2440,3915.5,2329.0,10
426,NARS-04_000426.JPG,867,1182,306,600,1024.5,453.0,9
426,NARS-04_000426.JPG,1903,2198,1793,2054,2050.5,1923.5,11
426,NARS-04_000426.JPG,1970,2303,2897,3185,2136.5,3041.0,7
433,NARS-04_000433.JPG,1657,1927,550,776,1792.0,663.0,12
433,NARS-04_000433.JPG,3601,3837,2995,3199,3719.0,3097.0,1
433,NARS-04_000433.JPG,768,1104,307,605,936.0,456.0,9
433,NARS-04_000433.JPG,2104,2408,1302,1562,2256.0,1432.0,3
433,NARS-04_000433.JPG,1964,2253,308,609,2108.5,458.5,2
433,NARS-04_000433.JPG,1856,2150,2855,3163,2003.0,3009.0,7
433,NARS-04_000433.JPG,405,714,236,519,559.5,377.5,8
433,NARS-04_000433.JPG,3713,3988,2327,2522,3850.5,2424.5,10
433,NARS-04_000433.JPG,2002,2207,1001,1218,2104.5,1109.5,6
433,NARS-04_000433.JPG,944,1223,512,769,1083.5,640.5,5
433,NARS-04_000433.JPG,1790,2056,1738,2061,1923.0,1899.5,11
433,NARS-04_000433.JPG,2796,3075,2959,3225,2935.5,3092.0,0
433,NARS-04_000433.JPG,963,1206,2168,2421,1084.5,2294.5,13
433,NARS-04_000433.JPG,1211,1429,2401,2690,1320.0,2545.5,14
433,NARS-04_000433.JPG,2233,2470,2062,2267,2351.5,2164.5,15
433,NARS-04_000433.JPG,1323,1563,1996,2274,1443.0,2135.0,16
434,NARS-04_000434.JPG,954,1212,2170,2426,1083.0,2298.0,13
434,NARS-04_000434.JPG,1313,1566,1987,2270,1439.5,2128.5,16
434,NARS-04_000434.JPG,3594,3875,2986,3193,3734.5,3089.5,1
434,NARS-04_000434.JPG,1642,1931,549,782,1786.5,665.5,12
434,NARS-04_000434.JPG,2213,2465,2056,2263,2339.0,2159.5,15
434,NARS-04_000434.JPG,1227,1434,2407,2702,1330.5,2554.5,14
434,NARS-04_000434.JPG,793,1125,304,608,959.0,456.0,9
434,NARS-04_000434.JPG,1872,2180,2845,3157,2026.0,3001.0,7
434,NARS-04_000434.JPG,420,719,240,525,569.5,382.5,8
434,NARS-04_000434.JPG,988,1283,526,789,1135.5,657.5,5
434,NARS-04_000434.JPG,2105,2400,1306,1558,2252.5,1432.0,3
434,NARS-04_000434.JPG,1964,2249,319,626,2106.5,472.5,2
434,NARS-04_000434.JPG,3706,3977,2312,2514,3841.5,2413.0,10
434,NARS-04_000434.JPG,2000,2200,994,1213,2100.0,1103.5,6
434,NARS-04_000434.JPG,1800,2066,1732,2044,1933.0,1888.0,11
434,NARS-04_000434.JPG,2798,3065,2964,3221,2931.5,3092.5,0
438,NARS-04_000438.JPG,1644,1956,546,774,1800.0,660.0,12
438,NARS-04_000438.JPG,1304,1576,1968,2274,1440.0,2121.0,16
438,NARS-04_000438.JPG,3620,3856,2980,3200,3738.0,3090.0,1
438,NARS-04_000438.JPG,952,1238,2152,2426,1095.0,2289.0,13
438,NARS-04_000438.JPG,780,1104,272,586,942.0,429.0,9
438,NARS-04_000438.JPG,1882,2218,2800,3116,2050.0,2958.0,7
438,NARS-04_000438.JPG,2236,2520,2066,2306,2378.0,2186.0,15
438,NARS-04_000438.JPG,1190,1442,2452,2734,1316.0,2593.0,14
438,NARS-04_000438.JPG,418,730,198,518,574.0,358.0,8
438,NARS-04_000438.JPG,982,1310,536,818,1146.0,677.0,5
438,NARS-04_000438.JPG,1954,2272,332,658,2113.0,495.0,2
438,NARS-04_000438.JPG,1800,2088,1702,2034,1944.0,1868.0,11
438,NARS-04_000438.JPG,2088,2400,1292,1562,2244.0,1427.0,3
438,NARS-04_000438.JPG,3704,3986,2322,2538,3845.0,2430.0,10
438,NARS-04_000438.JPG,1982,2190,996,1220,2086.0,1108.0,6
438,NARS-04_000438.JPG,2818,3092,2996,3248,2955.0,3122.0,0
441,NARS-04_000441.JPG,1650,1938,546,775,1794.0,660.5,12
441,NARS-04_000441.JPG,789,1109,286,580,949.0,433.0,9
441,NARS-04_000441.JPG,1319,1584,2005,2276,1451.5,2140.5,16
441,NARS-04_000441.JPG,965,1243,2169,2427,1104.0,2298.0,13
441,NARS-04_000441.JPG,1199,1438,2448,2717,1318.5,2582.5,14
441,NARS-04_000441.JPG,1904,2234,2810,3120,2069.0,2965.0,7
441,NARS-04_000441.JPG,3629,3860,2995,3200,3744.5,3097.5,1
441,NARS-04_000441.JPG,2226,2522,2065,2301,2374.0,2183.0,15
441,NARS-04_000441.JPG,411,735,215,501,573.0,358.0,8
441,NARS-04_000441.JPG,1015,1308,549,814,1161.5,681.5,5
441,NARS-04_000441.JPG,1971,2269,351,652,2120.0,501.5,2
441,NARS-04_000441.JPG,2093,2391,1290,1554,2242.0,1422.0,3
441,NARS-04_000441.JPG,3714,3985,2328,2538,3849.5,2433.0,10
441,NARS-04_000441.JPG,2004,2195,1006,1221,2099.5,1113.5,6
441,NARS-04_000441.JPG,1781,2075,1711,2030,1928.0,1870.5,11
441,NARS-04_000441.JPG,2824,3095,3006,3246,2959.5,3126.0,0
444,NARS-04_000444.JPG,1656,1944,551,785,1800.0,668.0,12
444,NARS-04_000444.JPG,1317,1591,2009,2280,1454.0,2144.5,16
444,NARS-04_000444.JPG,809,1132,297,597,970.5,447.0,9
444,NARS-04_000444.JPG,1908,2231,2806,3127,2069.5,2966.5,7
444,NARS-04_000444.JPG,1196,1430,2450,2720,1313.0,2585.0,14
444,NARS-04_000444.JPG,3626,3861,2984,3211,3743.5,3097.5,1
444,NARS-04_000444.JPG,976,1247,2176,2434,1111.5,2305.0,13
444,NARS-04_000444.JPG,2234,2521,2070,2306,2377.5,2188.0,15
444,NARS-04_000444.JPG,422,745,214,506,583.5,360.0,8
444,NARS-04_000444.JPG,1017,1321,551,825,1169.0,688.0,5
444,NARS-04_000444.JPG,2091,2396,1299,1561,2243.5,1430.0,3
444,NARS-04_000444.JPG,1968,2265,362,664,2116.5,513.0,2
444,NARS-04_000444.JPG,1777,2084,1718,2035,1930.5,1876.5,11
444,NARS-04_000444.JPG,3713,3992,2326,2545,3852.5,2435.5,10
444,NARS-04_000444.JPG,1996,2196,1017,1229,2096.0,1123.0,6
444,NARS-04_000444.JPG,2830,3097,3005,3251,2963.5,3128.0,0
445,NARS-04_000445.JPG,2245,2517,2072,2297,2381.0,2184.5,15
445,NARS-04_000445.JPG,1194,1437,2470,2713,1315.5,2591.5,14
445,NARS-04_000445.JPG,437,750,222,503,593.5,362.5,8
445,NARS-04_000445.JPG,1674,1944,567,783,1809.0,675.0,12
445,NARS-04_000445.JPG,1930,2239,2831,3126,2084.5,2978.5,7
445,NARS-04_000445.JPG,989,1245,2201,2435,1117.0,2318.0,13
445,NARS-04_000445.JPG,3638,3860,3005,3208,3749.0,3106.5,1
445,NARS-04_000445.JPG,827,1139,316,604,983.0,460.0,9
445,NARS-04_000445.JPG,1356,1610,2005,2283,1483.0,2144.0,16
445,NARS-04_000445.JPG,1806,2080,1742,2041,1943.0,1891.5,11
445,NARS-04_000445.JPG,2099,2386,1313,1554,2242.5,1433.5,3
445,NARS-04_000445.JPG,1985,2270,386,671,2127.5,528.5,2
445,NARS-04_000445.JPG,1050,1338,580,834,1194.0,707.0,5
445,NARS-04_000445.JPG,3716,3976,2353,2546,3846.0,2449.5,10
445,NARS-04_000445.JPG,1994,2182,1054,1230,2088.0,1142.0,6
445,NARS-04_000445.JPG,2838,3088,3028,3259,2963.0,3143.5,0
447,NARS-04_000447.JPG,2241,2526,2061,2299,2383.5,2180.0,15
447,NARS-04_000447.JPG,1915,2241,2836,3149,2078.0,2992.5,7
447,NARS-04_000447.JPG,429,763,229,517,596.0,373.0,8
447,NARS-04_000447.JPG,1200,1442,2471,2726,1321.0,2598.5,14
447,NARS-04_000447.JPG,1669,1948,571,793,1808.5,682.0,12
447,NARS-04_000447.JPG,3640,3872,3005,3216,3756.0,3110.5,1
447,NARS-04_000447.JPG,1367,1645,2016,2296,1506.0,2156.0,16
447,NARS-04_000447.JPG,862,1167,331,621,1014.5,476.0,9
447,NARS-04_000447.JPG,1811,2086,1755,2065,1948.5,1910.0,11
447,NARS-04_000447.JPG,2086,2388,1304,1555,2237.0,1429.5,3
447,NARS-04_000447.JPG,1982,2282,384,683,2132.0,533.5,2
447,NARS-04_000447.JPG,1015,1294,2242,2481,1154.5,2361.5,13
447,NARS-04_000447.JPG,1065,1373,579,846,1219.0,712.5,5
447,NARS-04_000447.JPG,1985,2186,1032,1240,2085.5,1136.0,6
447,NARS-04_000447.JPG,3706,3973,2371,2566,3839.5,2468.5,10
447,NARS-04_000447.JPG,2831,3093,3036,3274,2962.0,3155.0,0
447,NARS-04_000447.JPG,2143,2322,2351,2477,2232.5,2414.0,17
452,NARS-04_000452.JPG,1322,1587,2005,2277,1454.5,2141.0,16
452,NARS-04_000452.JPG,1660,1941,557,780,1800.5,668.5,12
452,NARS-04_000452.JPG,977,1223,2174,2418,1100.0,2296.0,13
452,NARS-04_000452.JPG,2254,2526,2061,2300,2390.0,2180.5,15
452,NARS-04_000452.JPG,3641,3860,2995,3203,3750.5,3099.0,1
452,NARS-04_000452.JPG,442,776,240,527,609.0,383.5,8
452,NARS-04_000452.JPG,1914,2239,2847,3154,2076.5,3000.5,7
452,NARS-04_000452.JPG,1216,1460,2472,2723,1338.0,2597.5,14
452,NARS-04_000452.JPG,820,1132,313,608,976.0,460.5,9
452,NARS-04_000452.JPG,2143,2322,2319,2445,2232.5,2382.0,17
452,NARS-04_000452.JPG,1057,1356,557,820,1206.5,688.5,5
452,NARS-04_000452.JPG,2018,2217,1030,1239,2117.5,1134.5,6
452,NARS-04_000452.JPG,3734,4005,2331,2543,3869.5,2437.0,10
452,NARS-04_000452.JPG,2091,2384,1311,1562,2237.5,1436.5,3
452,NARS-04_000452.JPG,1815,2112,1780,2078,1963.5,1929.0,11
452,NARS-04_000452.JPG,1976,2271,381,679,2123.5,530.0,2
452,NARS-04_000452.JPG,2809,3073,3039,3272,2941.0,3155.5,0
461,NARS-04_000461.JPG,1601,1889,550,805,1745.0,677.5,12
461,NARS-04_000461.JPG,3577,3778,2997,3192,3677.5,3094.5,1
461,NARS-04_000461.JPG,2032,2340,2275,2586,2186.0,2430.5,17
461,NARS-04_000461.JPG,2166,2464,2059,2367,2315.0,2213.0,15
461,NARS-04_000461.JPG,2098,2386,1294,1543,2242.0,1418.5,3
461,NARS-04_000461.JPG,1179,1454,2516,2781,1316.5,2648.5,14
461,NARS-04_000461.JPG,3692,3968,2187,2424,3830.0,2305.5,10
461,NARS-04_000461.JPG,377,694,201,487,535.5,344.0,8
461,NARS-04_000461.JPG,1831,2126,2851,3163,1978.5,3007.0,7
461,NARS-04_000461.JPG,876,1154,2169,2447,1015.0,2308.0,13
461,NARS-04_000461.JPG,1762,2051,1682,1987,1906.5,1834.5,11
461,NARS-04_000461.JPG,1971,2172,1021,1245,2071.5,1133.0,6
461,NARS-04_000461.JPG,706,1029,282,571,867.5,426.5,9
461,NARS-04_000461.JPG,940,1215,500,772,1077.5,636.0,5
461,NARS-04_000461.JPG,1916,2175,325,626,2045.5,475.5,2
461,NARS-04_000461.JPG,1163,1426,1944,2239,1294.5,2091.5,16
461,NARS-04_000461.JPG,2771,3005,3098,3293,2888.0,3195.5,0
462,NARS-04_000462.JPG,2033,2346,2274,2586,2189.5,2430.0,17
462,NARS-04_000462.JPG,1604,1902,556,808,1753.0,682.0,12
462,NARS-04_000462.JPG,3578,3782,2992,3196,3680.0,3094.0,1
462,NARS-04_000462.JPG,2169,2463,2049,2369,2316.0,2209.0,15
462,NARS-04_000462.JPG,1169,1437,2509,2779,1303.0,2644.0,14
462,NARS-04_000462.JPG,2101,2392,1294,1549,2246.5,1421.5,3
462,NARS-04_000462.JPG,3696,3976,2184,2423,3836.0,2303.5,10
462,NARS-04_000462.JPG,381,707,193,488,544.0,340.5,8
462,NARS-04_000462.JPG,1833,2143,2848,3168,1988.0,3008.0,7
462,NARS-04_000462.JPG,872,1160,2164,2448,1016.0,2306.0,13
462,NARS-04_000462.JPG,1762,2064,1676,1981,1913.0,1828.5,11
462,NARS-04_000462.JPG,713,1036,282,566,874.5,424.0,9
462,NARS-04_000462.JPG,1971,2176,1016,1245,2073.5,1130.5,6
462,NARS-04_000462.JPG,942,1224,502,782,1083.0,642.0,5
462,NARS-04_000462.JPG,1914,2182,332,637,2048.0,484.5,2
462,NARS-04_000462.JPG,1164,1435,1937,2242,1299.5,2089.5,16
462,NARS-04_000462.JPG,2779,3014,3093,3292,2896.5,3192.5,0
464,NARS-04_000464.JPG,2030,2348,2279,2584,2189.0,2431.5,17
464,NARS-04_000464.JPG,1605,1904,562,810,1754.5,686.0,12
464,NARS-04_000464.JPG,3584,3788,2996,3195,3686.0,3095.5,1
464,NARS-04_000464.JPG,1161,1431,2504,2771,1296.0,2637.5,14
464,NARS-04_000464.JPG,2168,2458,2054,2366,2313.0,2210.0,15
464,NARS-04_000464.JPG,2102,2388,1297,1547,2245.0,1422.0,3
464,NARS-04_000464.JPG,384,710,199,481,547.0,340.0,8
464,NARS-04_000464.JPG,1843,2152,2850,3160,1997.5,3005.0,7
464,NARS-04_000464.JPG,877,1165,2164,2444,1021.0,2304.0,13
464,NARS-04_000464.JPG,1776,2084,1673,1982,1930.0,1827.5,11
464,NARS-04_000464.JPG,3696,3977,2181,2418,3836.5,2299.5,10
464,NARS-04_000464.JPG,717,1040,281,566,878.5,423.5,9
464,NARS-04_000464.JPG,952,1245,496,775,1098.5,635.5,5
464,NARS-04_000464.JPG,1975,2173,1016,1235,2074.0,1125.5,6
464,NARS-04_000464.JPG,1928,2194,331,636,2061.0,483.5,2
464,NARS-04_000464.JPG,1173,1446,1951,2245,1309.5,2098.0,16
464,NARS-04_000464.JPG,2794,3021,3088,3283,2907.5,3185.5,0
465,NARS-04_000465.JPG,2018,2326,2276,2581,2172.0,2428.5,17
465,NARS-04_000465.JPG,1608,1897,560,806,1752.5,683.0,12
465,NARS-04_000465.JPG,1143,1416,2496,2781,1279.5,2638.5,14
465,NARS-04_000465.JPG,3574,3772,2994,3178,3673.0,3086.0,1
465,NARS-04_000465.JPG,2094,2385,1289,1553,2239.5,1421.0,3
465,NARS-04_000465.JPG,2156,2434,2050,2365,2295.0,2207.5,15
465,NARS-04_000465.JPG,3693,3968,2179,2425,3830.5,2302.0,10
465,NARS-04_000465.JPG,368,688,181,471,528.0,326.0,8
465,NARS-04_000465.JPG,863,1146,2131,2419,1004.5,2275.0,13
465,NARS-04_000465.JPG,1753,2052,1675,1983,1902.5,1829.0,11
465,NARS-04_000465.JPG,1959,2160,1016,1239,2059.5,1127.5,6
465,NARS-04_000465.JPG,1796,2091,2803,3143,1943.5,2973.0,7
465,NARS-04_000465.JPG,679,1000,280,571,839.5,425.5,9
465,NARS-04_000465.JPG,1913,2166,353,648,2039.5,500.5,2
465,NARS-04_000465.JPG,1165,1431,1940,2243,1298.0,2091.5,16
465,NARS-04_000465.JPG,893,1184,445,785,1038.5,615.0,5
465,NARS-04_000465.JPG,2769,2989,3058,3251,2879.0,3154.5,0
470,NARS-04_000470.JPG,3640,3926,2182,2405,3783.0,2293.5,10
470,NARS-04_000470.JPG,1082,1336,2457,2720,1209.0,2588.5,14
470,NARS-04_000470.JPG,812,1077,414,691,944.5,552.5,9
470,NARS-04_000470.JPG,535,868,261,592,701.5,426.5,8
470,NARS-04_000470.JPG,1528,1814,598,827,1671.0,712.5,12
470,NARS-04_000470.JPG,1957,2200,2252,2529,2078.5,2390.5,17
470,NARS-04_000470.JPG,1694,2022,1696,1959,1858.0,1827.5,11
470,NARS-04_000470.JPG,2092,2335,2043,2374,2213.5,2208.5,15
470,NARS-04_000470.JPG,1105,1355,1966,2263,1230.0,2114.5,16
470,NARS-04_000470.JPG,785,1030,2248,2511,907.5,2379.5,13
470,NARS-04_000470.JPG,1858,2072,965,1219,1965.0,1092.0,6
470,NARS-04_000470.JPG,1728,2014,2893,3176,1871.0,3034.5,7
470,NARS-04_000470.JPG,292,591,198,511,441.5,354.5,18
470,NARS-04_000470.JPG,5433,5557,35,140,5495.0,87.5,19
472,NARS-04_000472.JPG,855,1049,298,538,952.0,418.0,9
472,NARS-04_000472.JPG,5454,5579,2,89,5516.5,45.5,19
472,NARS-04_000472.JPG,539,837,189,444,688.0,316.5,8
472,NARS-04_000472.JPG,1980,2186,2211,2500,2083.0,2355.5,17
472,NARS-04_000472.JPG,1088,1308,2405,2675,1198.0,2540.0,14
472,NARS-04_000472.JPG,2098,2336,2050,2318,2217.0,2184.0,15
472,NARS-04_000472.JPG,283,543,90,363,413.0,226.5,18
472,NARS-04_000472.JPG,3643,3876,2159,2361,3759.5,2260.0,10
472,NARS-04_000472.JPG,1526,1764,579,789,1645.0,684.0,12
472,NARS-04_000472.JPG,1787,2009,2737,2993,1898.0,2865.0,7
472,NARS-04_000472.JPG,1855,2039,965,1189,1947.0,1077.0,6
472,NARS-04_000472.JPG,1090,1294,1945,2205,1192.0,2075.0,16
472,NARS-04_000472.JPG,1716,1966,1573,1834,1841.0,1703.5,11
472,NARS-04_000472.JPG,740,950,2175,2427,845.0,2301.0,13
474,NARS-04_000474.JPG,5455,5583,12,127,5519.0,69.5,19
474,NARS-04_000474.JPG,303,586,189,450,444.5,319.5,18
474,NARS-04_000474.JPG,1986,2192,2227,2516,2089.0,2371.5,17
474,NARS-04_000474.JPG,1098,1318,2465,2705,1208.0,2585.0,14
474,NARS-04_000474.JPG,2116,2361,2058,2326,2238.5,2192.0,15
474,NARS-04_000474.JPG,3643,3886,2205,2407,3764.5,2306.0,10
474,NARS-04_000474.JPG,1537,1792,575,785,1664.5,680.0,12
474,NARS-04_000474.JPG,559,857,294,549,708.0,421.5,8
474,NARS-04_000474.JPG,901,1115,437,656,1008.0,546.5,9
474,NARS-04_000474.JPG,1733,2003,1619,1899,1868.0,1759.0,11
474,NARS-04_000474.JPG,1777,1999,2842,3098,1888.0,2970.0,7
474,NARS-04_000474.JPG,1090,1307,1961,2221,1198.5,2091.0,16
474,NARS-04_000474.JPG,1855,2039,980,1195,1947.0,1087.5,6
474,NARS-04_000474.JPG,737,947,2155,2418,842.0,2286.5,13
475,NARS-04_000475.JPG,5458,5603,6,140,5530.5,73.0,19
475,NARS-04_000475.JPG,306,599,198,477,452.5,337.5,18
475,NARS-04_000475.JPG,1995,2236,2246,2531,2115.5,2388.5,17
475,NARS-04_000475.JPG,2133,2403,2050,2351,2268.0,2200.5,15
475,NARS-04_000475.JPG,1556,1845,583,809,1700.5,696.0,12
475,NARS-04_000475.JPG,3654,3905,2210,2411,3779.5,2310.5,10
475,NARS-04_000475.JPG,1091,1335,2469,2720,1213.0,2594.5,14
475,NARS-04_000475.JPG,1815,2064,2874,3137,1939.5,3005.5,7
475,NARS-04_000475.JPG,1733,2016,1656,1946,1874.5,1801.0,11
475,NARS-04_000475.JPG,929,1162,444,672,1045.5,558.0,9
475,NARS-04_000475.JPG,611,905,299,567,758.0,433.0,8
475,NARS-04_000475.JPG,1088,1303,1973,2241,1195.5,2107.0,16
475,NARS-04_000475.JPG,726,955,2149,2415,840.5,2282.0,13
475,NARS-04_000475.JPG,1811,2052,981,1209,1931.5,1095.0,6
478,NARS-04_000478.JPG,3692,3948,2256,2464,3820.0,2360.0,10
478,NARS-04_000478.JPG,1990,2240,2275,2557,2115.0,2416.0,17
478,NARS-04_000478.JPG,1576,1864,596,829,1720.0,712.5,12
478,NARS-04_000478.JPG,5504,5647,25,160,5575.5,92.5,19
478,NARS-04_000478.JPG,2138,2406,2088,2377,2272.0,2232.5,15
478,NARS-04_000478.JPG,298,599,249,504,448.5,376.5,18
478,NARS-04_000478.JPG,1098,1332,2486,2728,1215.0,2607.0,14
478,NARS-04_000478.JPG,1727,1997,1715,2004,1862.0,1859.5,11
478,NARS-04_000478.JPG,1918,2105,1014,1231,2011.5,1122.5,6
478,NARS-04_000478.JPG,934,1168,544,768,1051.0,656.0,5
478,NARS-04_000478.JPG,1790,2014,2924,3153,1902.0,3038.5,7
478,NARS-04_000478.JPG,667,958,330,593,812.5,461.5,9
478,NARS-04_000478.JPG,1090,1329,1984,2250,1209.5,2117.0,16
478,NARS-04_000478.JPG,719,952,2161,2444,835.5,2302.5,13
481,NARS-04_000481.JPG,2011,2260,2263,2533,2135.5,2398.0,17
481,NARS-04_000481.JPG,3701,3945,2239,2439,3823.0,2339.0,10
481,NARS-04_000481.JPG,5473,5634,1,106,5553.5,53.5,19
481,NARS-04_000481.JPG,1583,1869,558,784,1726.0,671.0,12
481,NARS-04_000481.JPG,1125,1371,2480,2717,1248.0,2598.5,14
481,NARS-04_000481.JPG,2133,2407,2042,2330,2270.0,2186.0,15
481,NARS-04_000481.JPG,313,619,237,500,466.0,368.5,18
481,NARS-04_000481.JPG,706,996,319,589,851.0,454.0,9
481,NARS-04_000481.JPG,1726,1988,1693,1976,1857.0,1834.5,11
481,NARS-04_000481.JPG,1920,2099,1004,1217,2009.5,1110.5,6
481,NARS-04_000481.JPG,954,1156,516,727,1055.0,621.5,5
481,NARS-04_000481.JPG,1804,2020,2872,3105,1912.0,2988.5,7
481,NARS-04_000481.JPG,1103,1346,1994,2254,1224.5,2124.0,16
481,NARS-04_000481.JPG,715,944,2144,2402,829.5,2273.0,13
481,NARS-04_000481.JPG,2429,2592,1923,2036,2510.5,1979.5,3
481,NARS-04_000481.JPG,191,320,2554,2664,255.5,2609.0,20
482,NARS-04_000482.JPG,182,311,2560,2670,246.5,2615.0,20
482,NARS-04_000482.JPG,309,609,207,477,459.0,342.0,18
482,NARS-04_000482.JPG,5428,5606,1,101,5517.0,51.0,19
482,NARS-04_000482.JPG,2008,2259,2280,2560,2133.5,2420.0,17
482,NARS-04_000482.JPG,1103,1346,2485,2726,1224.5,2605.5,14
482,NARS-04_000482.JPG,3655,3913,2221,2421,3784.0,2321.0,10
482,NARS-04_000482.JPG,1556,1842,522,754,1699.0,638.0,12
482,NARS-04_000482.JPG,2110,2377,2047,2339,2243.5,2193.0,15
482,NARS-04_000482.JPG,708,998,304,571,853.0,437.5,9
482,NARS-04_000482.JPG,1688,1949,1699,1996,1818.5,1847.5,11
482,NARS-04_000482.JPG,1774,1988,2862,3111,1881.0,2986.5,7
482,NARS-04_000482.JPG,1068,1307,1984,2252,1187.5,2118.0,16
482,NARS-04_000482.JPG,1867,2057,998,1218,1962.0,1108.0,6
482,NARS-04_000482.JPG,705,940,2139,2401,822.5,2270.0,13
482,NARS-04_000482.JPG,2402,2581,1917,2046,2491.5,1981.5,3
485,NARS-04_000485.JPG,295,593,197,469,444.0,333.0,18
485,NARS-04_000485.JPG,157,300,2556,2661,228.5,2608.5,20
485,NARS-04_000485.JPG,2005,2251,2259,2531,2128.0,2395.0,17
485,NARS-04_000485.JPG,5432,5607,1,81,5519.5,41.0,19
485,NARS-04_000485.JPG,1565,1843,536,764,1704.0,650.0,12
485,NARS-04_000485.JPG,3656,3913,2222,2412,3784.5,2317.0,10
485,NARS-04_000485.JPG,1091,1333,2470,2705,1212.0,2587.5,14
485,NARS-04_000485.JPG,2111,2379,2047,2330,2245.0,2188.5,15
485,NARS-04_000485.JPG,700,986,292,564,843.0,428.0,9
485,NARS-04_000485.JPG,1690,1941,1672,1961,1815.5,1816.5,11
485,NARS-04_000485.JPG,1796,1968,2832,3069,1882.0,2950.5,7
485,NARS-04_000485.JPG,1062,1285,1967,2233,1173.5,2100.0,16
485,NARS-04_000485.JPG,1869,2048,1003,1222,1958.5,1112.5,6
485,NARS-04_000485.JPG,709,942,2147,2404,825.5,2275.5,13
485,NARS-04_000485.JPG,2387,2583,1918,2047,2485.0,1982.5,3
486,NARS-04_000486.JPG,159,308,2554,2660,233.5,2607.0,20
486,NARS-04_000486.JPG,2023,2262,2254,2522,2142.5,2388.0,17
486,NARS-04_000486.JPG,317,619,230,480,468.0,355.0,18
486,NARS-04_000486.JPG,1586,1874,544,755,1730.0,649.5,12
486,NARS-04_000486.JPG,5480,5645,3,125,5562.5,64.0,19
486,NARS-04_000486.JPG,3677,3932,2235,2418,3804.5,2326.5,10
486,NARS-04_000486.JPG,755,1032,324,567,893.5,445.5,9
486,NARS-04_000486.JPG,2126,2384,2044,2320,2255.0,2182.0,15
486,NARS-04_000486.JPG,1105,1334,2493,2710,1219.5,2601.5,14
486,NARS-04_000486.JPG,1806,1994,2876,3103,1900.0,2989.5,7
486,NARS-04_000486.JPG,1692,1938,1715,1981,1815.0,1848.0,11
486,NARS-04_000486.JPG,1885,2066,1009,1228,1975.5,1118.5,6
486,NARS-04_000486.JPG,1071,1284,2020,2263,1177.5,2141.5,16
486,NARS-04_000486.JPG,717,949,2151,2404,833.0,2277.5,13
486,NARS-04_000486.JPG,2395,2584,1902,2028,2489.5,1965.0,3
488,NARS-04_000488.JPG,287,623,209,483,455.0,346.0,18
488,NARS-04_000488.JPG,159,309,2536,2660,234.0,2598.0,20
488,NARS-04_000488.JPG,2012,2273,2282,2553,2142.5,2417.5,17
488,NARS-04_000488.JPG,5420,5609,-1,94,5514.5,46.5,19
488,NARS-04_000488.JPG,3672,3941,2243,2441,3806.5,2342.0,10
488,NARS-04_000488.JPG,1119,1366,2484,2736,1242.5,2610.0,14
488,NARS-04_000488.JPG,1578,1865,538,771,1721.5,654.5,12
488,NARS-04_000488.JPG,2123,2396,2067,2329,2259.5,2198.0,15
488,NARS-04_000488.JPG,725,1039,284,572,882.0,428.0,9
488,NARS-04_000488.JPG,1826,1995,2872,3113,1910.5,2992.5,7
488,NARS-04_000488.JPG,1876,2078,1002,1227,1977.0,1114.5,6
488,NARS-04_000488.JPG,1059,1288,2001,2258,1173.5,2129.5,16
488,NARS-04_000488.JPG,1671,1928,1704,1984,1799.5,1844.0,11
488,NARS-04_000488.JPG,708,939,2156,2416,823.5,2286.0,13
488,NARS-04_000488.JPG,2378,2586,1901,2044,2482.0,1972.5,3
490,NARS-04_000490.JPG,1601,1900,552,776,1750.5,664.0,12
490,NARS-04_000490.JPG,3704,3947,2256,2448,3825.5,2352.0,10
490,NARS-04_000490.JPG,151,319,2535,2660,235.0,2597.5,20
490,NARS-04_000490.JPG,5455,5628,5,148,5541.5,76.5,19
490,NARS-04_000490.JPG,773,1062,294,560,917.5,427.0,9
490,NARS-04_000490.JPG,1886,2060,2895,3127,1973.0,3011.0,7
490,NARS-04_000490.JPG,1179,1422,2517,2757,1300.5,2637.0,14
490,NARS-04_000490.JPG,2185,2438,2111,2379,2311.5,2245.0,15
490,NARS-04_000490.JPG,350,661,220,493,505.5,356.5,18
490,NARS-04_000490.JPG,2052,2304,2341,2599,2178.0,2470.0,17
490,NARS-04_000490.JPG,1730,2000,1718,1998,1865.0,1858.0,11
490,NARS-04_000490.JPG,1914,2108,1021,1236,2011.0,1128.5,6
490,NARS-04_000490.JPG,1090,1328,2014,2274,1209.0,2144.0,16
490,NARS-04_000490.JPG,707,936,2164,2427,821.5,2295.5,13
490,NARS-04_000490.JPG,2391,2588,1933,2078,2489.5,2005.5,3
496,NARS-04_000496.JPG,3727,4007,2253,2481,3867.0,2367.0,10
496,NARS-04_000496.JPG,133,303,2494,2621,218.0,2557.5,20
496,NARS-04_000496.JPG,1619,1947,586,843,1783.0,714.5,12
496,NARS-04_000496.JPG,2160,2440,2107,2413,2300.0,2260.0,15
496,NARS-04_000496.JPG,1956,2160,1051,1288,2058.0,1169.5,6
496,NARS-04_000496.JPG,1175,1450,2566,2808,1312.5,2687.0,14
496,NARS-04_000496.JPG,1826,2069,2940,3195,1947.5,3067.5,7
496,NARS-04_000496.JPG,5371,5597,61,263,5484.0,162.0,19
496,NARS-04_000496.JPG,917,1201,314,587,1059.0,450.5,9
496,NARS-04_000496.JPG,2052,2351,2396,2673,2201.5,2534.5,17
496,NARS-04_000496.JPG,695,959,2224,2501,827.0,2362.5,13
496,NARS-04_000496.JPG,457,767,411,651,612.0,531.0,8
496,NARS-04_000496.JPG,1663,1925,1805,2103,1794.0,1954.0,11
496,NARS-04_000496.JPG,1031,1279,2104,2346,1155.0,2225.0,16
496,NARS-04_000496.JPG,2362,2588,1916,2088,2475.0,2002.0,3
497,NARS-04_000497.JPG,3737,4006,2242,2469,3871.5,2355.5,10
497,NARS-04_000497.JPG,143,316,2496,2627,229.5,2561.5,20
497,NARS-04_000497.JPG,2175,2445,2100,2402,2310.0,2251.0,15
497,NARS-04_000497.JPG,1630,1945,594,844,1787.5,719.0,12
497,NARS-04_000497.JPG,5381,5602,42,240,5491.5,141.0,19
497,NARS-04_000497.JPG,1181,1449,2564,2797,1315.0,2680.5,14
497,NARS-04_000497.JPG,1959,2149,1068,1289,2054.0,1178.5,6
497,NARS-04_000497.JPG,1829,2057,2939,3184,1943.0,3061.5,7
497,NARS-04_000497.JPG,928,1197,320,582,1062.5,451.0,9
497,NARS-04_000497.JPG,2058,2342,2404,2671,2200.0,2537.5,17
497,NARS-04_000497.JPG,704,955,2226,2498,829.5,2362.0,13
497,NARS-04_000497.JPG,1674,1926,1815,2094,1800.0,1954.5,11
497,NARS-04_000497.JPG,1049,1282,2119,2351,1165.5,2235.0,16
497,NARS-04_000497.JPG,464,769,432,661,616.5,546.5,8
497,NARS-04_000497.JPG,2372,2591,1927,2089,2481.5,2008.0,3
501,NARS-04_000501.JPG,149,328,2507,2632,238.5,2569.5,20
501,NARS-04_000501.JPG,5453,5667,3,139,5560.0,71.0,19
501,NARS-04_000501.JPG,3746,4011,2273,2494,3878.5,2383.5,10
501,NARS-04_000501.JPG,1530,1838,533,782,1684.0,657.5,12
501,NARS-04_000501.JPG,2008,2250,2349,2638,2129.0,2493.5,17
501,NARS-04_000501.JPG,876,1169,318,572,1022.5,445.0,9
501,NARS-04_000501.JPG,1194,1472,2548,2794,1333.0,2671.0,14
501,NARS-04_000501.JPG,2088,2355,2082,2375,2221.5,2228.5,15
501,NARS-04_000501.JPG,1810,2009,2894,3155,1909.5,3024.5,7
501,NARS-04_000501.JPG,1921,2125,1065,1289,2023.0,1177.0,6
501,NARS-04_000501.JPG,687,936,2203,2474,811.5,2338.5,13
501,NARS-04_000501.JPG,424,741,400,645,582.5,522.5,8
501,NARS-04_000501.JPG,1036,1298,2097,2336,1167.0,2216.5,16
501,NARS-04_000501.JPG,1635,1859,1789,2091,1747.0,1940.0,11
501,NARS-04_000501.JPG,2352,2579,1918,2095,2465.5,2006.5,3
503,NARS-04_000503.JPG,149,321,2506,2639,235.0,2572.5,20
503,NARS-04_000503.JPG,878,1166,330,613,1022.0,471.5,9
503,NARS-04_000503.JPG,5374,5592,49,249,5483.0,149.0,19
503,NARS-04_000503.JPG,1197,1460,2608,2826,1328.5,2717.0,14
503,NARS-04_000503.JPG,700,962,2213,2481,831.0,2347.0,13
503,NARS-04_000503.JPG,3822,4055,2336,2554,3938.5,2445.0,10
503,NARS-04_000503.JPG,1902,2112,1099,1343,2007.0,1221.0,6
503,NARS-04_000503.JPG,1935,2177,2418,2675,2056.0,2546.5,17
503,NARS-04_000503.JPG,2013,2230,2100,2368,2121.5,2234.0,15
503,NARS-04_000503.JPG,431,713,443,672,572.0,557.5,8
503,NARS-04_000503.JPG,1717,1935,2914,3171,1826.0,3042.5,7
503,NARS-04_000503.JPG,1423,1649,563,783,1536.0,673.0,12
503,NARS-04_000503.JPG,1005,1229,2153,2390,1117.0,2271.5,16
503,NARS-04_000503.JPG,1552,1791,1806,2087,1671.5,1946.5,11
503,NARS-04_000503.JPG,2288,2519,1942,2111,2403.5,2026.5,3
508,NARS-04_000508.JPG,5411,5605,3,81,5508.0,42.0,19
508,NARS-04_000508.JPG,1984,2208,2206,2474,2096.0,2340.0,17
508,NARS-04_000508.JPG,921,1201,463,723,1061.0,593.0,5
508,NARS-04_000508.JPG,165,346,2403,2535,255.5,2469.0,20
508,NARS-04_000508.JPG,1229,1495,2631,2821,1362.0,2726.0,14
508,NARS-04_000508.JPG,697,942,2259,2500,819.5,2379.5,13
508,NARS-04_000508.JPG,3835,4047,2361,2560,3941.0,2460.5,10
508,NARS-04_000508.JPG,1900,2090,1118,1342,1995.0,1230.0,6
508,NARS-04_000508.JPG,2253,2457,1942,2130,2355.0,2036.0,15
508,NARS-04_000508.JPG,1715,1925,2932,3182,1820.0,3057.0,7
508,NARS-04_000508.JPG,403,684,466,690,543.5,578.0,8
508,NARS-04_000508.JPG,1018,1220,2168,2396,1119.0,2282.0,16
508,NARS-04_000508.JPG,1402,1621,613,848,1511.5,730.5,12
508,NARS-04_000508.JPG,1531,1768,1826,2103,1649.5,1964.5,11
508,NARS-04_000508.JPG,1935,2176,2488,2751,2055.5,2619.5,21
510,NARS-04_000510.JPG,1958,2201,2498,2773,2079.5,2635.5,21
510,NARS-04_000510.JPG,2033,2275,2240,2493,2154.0,2366.5,17
510,NARS-04_000510.JPG,5322,5529,1,128,5425.5,64.5,19
510,NARS-04_000510.JPG,911,1187,503,769,1049.0,636.0,5
510,NARS-04_000510.JPG,688,956,2245,2498,822.0,2371.5,13
510,NARS-04_000510.JPG,1241,1514,2615,2823,1377.5,2719.0,14
510,NARS-04_000510.JPG,3851,4048,2350,2557,3949.5,2453.5,10
510,NARS-04_000510.JPG,2243,2470,1960,2158,2356.5,2059.0,15
510,NARS-04_000510.JPG,1896,2093,1111,1342,1994.5,1226.5,6
510,NARS-04_000510.JPG,223,405,2356,2508,314.0,2432.0,20
510,NARS-04_000510.JPG,1704,1941,2914,3193,1822.5,3053.5,7
510,NARS-04_000510.JPG,1018,1229,2161,2397,1123.5,2279.0,16
510,NARS-04_000510.JPG,388,663,464,707,525.5,585.5,8
510,NARS-04_000510.JPG,1397,1640,662,889,1518.5,775.5,12
510,NARS-04_000510.JPG,1530,1773,1853,2119,1651.5,1986.0,11
520,NARS-04_000520.JPG,2031,2256,2292,2547,2143.5,2419.5,17
520,NARS-04_000520.JPG,1938,2165,2496,2762,2051.5,2629.0,21
520,NARS-04_000520.JPG,2259,2469,2052,2249,2364.0,2150.5,15
520,NARS-04_000520.JPG,939,1194,538,799,1066.5,668.5,5
520,NARS-04_000520.JPG,3808,4058,2341,2551,3933.0,2446.0,10
520,NARS-04_000520.JPG,691,939,2259,2497,815.0,2378.0,13
520,NARS-04_000520.JPG,1894,2083,1111,1328,1988.5,1219.5,6
520,NARS-04_000520.JPG,184,381,2315,2466,282.5,2390.5,20
520,NARS-04_000520.JPG,5273,5464,85,276,5368.5,180.5,19
520,NARS-04_000520.JPG,1274,1530,2660,2862,1402.0,2761.0,14
520,NARS-04_000520.JPG,1721,1925,2930,3200,1823.0,3065.0,7
520,NARS-04_000520.JPG,1018,1222,2167,2397,1120.0,2282.0,16
520,NARS-04_000520.JPG,377,642,482,720,509.5,601.0,8
520,NARS-04_000520.JPG,1536,1766,1886,2138,1651.0,2012.0,11
520,NARS-04_000520.JPG,1414,1634,788,1002,1524.0,895.0,12
521,NARS-04_000521.JPG,1926,2175,2485,2756,2050.5,2620.5,21
521,NARS-04_000521.JPG,2015,2254,2273,2543,2134.5,2408.0,17
521,NARS-04_000521.JPG,2251,2470,2049,2253,2360.5,2151.0,15
521,NARS-04_000521.JPG,948,1199,533,795,1073.5,664.0,5
521,NARS-04_000521.JPG,685,940,2257,2502,812.5,2379.5,13
521,NARS-04_000521.JPG,3849,4045,2365,2561,3947.0,2463.0,10
521,NARS-04_000521.JPG,1892,2084,1122,1320,1988.0,1221.0,6
521,NARS-04_000521.JPG,5275,5465,69,271,5370.0,170.0,19
521,NARS-04_000521.JPG,184,381,2315,2466,282.5,2390.5,20
521,NARS-04_000521.JPG,1270,1532,2662,2868,1401.0,2765.0,14
521,NARS-04_000521.JPG,1713,1935,2940,3197,1824.0,3068.5,7
521,NARS-04_000521.JPG,1011,1225,2151,2401,1118.0,2276.0,16
521,NARS-04_000521.JPG,370,641,491,728,505.5,609.5,8
521,NARS-04_000521.JPG,1531,1774,1877,2141,1652.5,2009.0,11
521,NARS-04_000521.JPG,1415,1647,801,1017,1531.0,909.0,12
523,NARS-04_000523.JPG,1921,2163,2493,2752,2042.0,2622.5,21
523,NARS-04_000523.JPG,1995,2243,2277,2533,2119.0,2405.0,17
523,NARS-04_000523.JPG,2255,2488,2042,2248,2371.5,2145.0,15
523,NARS-04_000523.JPG,931,1188,535,785,1059.5,660.0,5
523,NARS-04_000523.JPG,5282,5484,21,226,5383.0,123.5,19
523,NARS-04_000523.JPG,689,948,2267,2504,818.5,2385.5,13
523,NARS-04_000523.JPG,1892,2079,1109,1325,1985.5,1217.0,6
523,NARS-04_000523.JPG,3842,4052,2357,2564,3947.0,2460.5,10
523,NARS-04_000523.JPG,204,376,2316,2438,290.0,2377.0,20
523,NARS-04_000523.JPG,1716,1920,2938,3209,1818.0,3073.5,7
523,NARS-04_000523.JPG,1002,1207,2168,2396,1104.5,2282.0,16
523,NARS-04_000523.JPG,1302,1564,2689,2886,1433.0,2787.5,14
523,NARS-04_000523.JPG,401,638,484,714,519.5,599.0,8
523,NARS-04_000523.JPG,1529,1779,1879,2142,1654.0,2010.5,11
523,NARS-04_000523.JPG,1429,1645,815,1028,1537.0,921.5,12
531,NARS-04_000531.JPG,1985,2229,2453,2724,2107.0,2588.5,21
531,NARS-04_000531.JPG,1926,2116,1043,1261,2021.0,1152.0,6
531,NARS-04_000531.JPG,2092,2343,2268,2521,2217.5,2394.5,17
531,NARS-04_000531.JPG,154,365,2376,2519,259.5,2447.5,20
531,NARS-04_000531.JPG,844,1137,383,665,990.5,524.0,9
531,NARS-04_000531.JPG,5308,5530,24,246,5419.0,135.0,19
531,NARS-04_000531.JPG,2270,2507,2021,2239,2388.5,2130.0,15
531,NARS-04_000531.JPG,1023,1268,2072,2307,1145.5,2189.5,16
531,NARS-04_000531.JPG,3835,4002,2391,2594,3918.5,2492.5,10
531,NARS-04_000531.JPG,681,888,2220,2510,784.5,2365.0,13
531,NARS-04_000531.JPG,1454,1698,640,884,1576.0,762.0,12
531,NARS-04_000531.JPG,1324,1585,2635,2841,1454.5,2738.0,14
531,NARS-04_000531.JPG,1688,1920,2944,3220,1804.0,3082.0,7
531,NARS-04_000531.JPG,1534,1784,1917,2191,1659.0,2054.0,11
533,NARS-04_000533.JPG,2033,2293,2234,2500,2163.0,2367.0,17
533,NARS-04_000533.JPG,149,360,2384,2544,254.5,2464.0,20
533,NARS-04_000533.JPG,1983,2237,2425,2718,2110.0,2571.5,21
533,NARS-04_000533.JPG,1912,2118,1052,1275,2015.0,1163.5,6
533,NARS-04_000533.JPG,853,1140,383,669,996.5,526.0,9
533,NARS-04_000533.JPG,2256,2507,2003,2238,2381.5,2120.5,15
533,NARS-04_000533.JPG,5293,5496,26,252,5394.5,139.0,19
533,NARS-04_000533.JPG,1019,1270,2073,2329,1144.5,2201.0,16
533,NARS-04_000533.JPG,3831,4001,2374,2589,3916.0,2481.5,10
533,NARS-04_000533.JPG,676,897,2224,2511,786.5,2367.5,13
533,NARS-04_000533.JPG,1450,1697,670,916,1573.5,793.0,12
533,NARS-04_000533.JPG,1683,1916,2956,3229,1799.5,3092.5,7
533,NARS-04_000533.JPG,1331,1594,2669,2859,1462.5,2764.0,14
533,NARS-04_000533.JPG,1525,1780,1905,2181,1652.5,2043.0,11
536,NARS-04_000536.JPG,142,363,2421,2584,252.5,2502.5,20
536,NARS-04_000536.JPG,2009,2265,2254,2482,2137.0,2368.0,17
536,NARS-04_000536.JPG,1998,2230,2442,2708,2114.0,2575.0,21
536,NARS-04_000536.JPG,1912,2095,1073,1277,2003.5,1175.0,6
536,NARS-04_000536.JPG,853,1139,394,660,996.0,527.0,9
536,NARS-04_000536.JPG,5311,5484,3,172,5397.5,87.5,19
536,NARS-04_000536.JPG,2248,2468,1985,2204,2358.0,2094.5,15
536,NARS-04_000536.JPG,1029,1264,2100,2336,1146.5,2218.0,16
536,NARS-04_000536.JPG,3831,3986,2390,2589,3908.5,2489.5,10
536,NARS-04_000536.JPG,1478,1724,674,904,1601.0,789.0,12
536,NARS-04_000536.JPG,676,896,2241,2507,786.0,2374.0,13
536,NARS-04_000536.JPG,1683,1918,2952,3224,1800.5,3088.0,7
536,NARS-04_000536.JPG,1370,1622,2662,2859,1496.0,2760.5,14
536,NARS-04_000536.JPG,1509,1735,1885,2158,1622.0,2021.5,11
540,NARS-04_000540.JPG,141,343,2433,2597,242.0,2515.0,20
540,NARS-04_000540.JPG,2015,2241,2457,2709,2128.0,2583.0,21
540,NARS-04_000540.JPG,2094,2337,2282,2534,2215.5,2408.0,17
540,NARS-04_000540.JPG,1912,2107,1072,1278,2009.5,1175.0,6
540,NARS-04_000540.JPG,2243,2480,2001,2238,2361.5,2119.5,15
540,NARS-04_000540.JPG,837,1126,397,658,981.5,527.5,9
540,NARS-04_000540.JPG,1491,1763,625,866,1627.0,745.5,12
540,NARS-04_000540.JPG,684,905,2205,2516,794.5,2360.5,13
540,NARS-04_000540.JPG,1019,1245,2098,2337,1132.0,2217.5,16
540,NARS-04_000540.JPG,3831,3986,2390,2589,3908.5,2489.5,10
540,NARS-04_000540.JPG,1697,1916,2973,3232,1806.5,3102.5,7
540,NARS-04_000540.JPG,1401,1644,2653,2857,1522.5,2755.0,14
540,NARS-04_000540.JPG,1526,1758,1899,2162,1642.0,2030.5,11
543,NARS-04_000543.JPG,125,342,2419,2578,233.5,2498.5,20
543,NARS-04_000543.JPG,2018,2280,2445,2716,2149.0,2580.5,21
543,NARS-04_000543.JPG,836,1125,382,657,980.5,519.5,9
543,NARS-04_000543.JPG,1912,2103,1069,1281,2007.5,1175.0,6
543,NARS-04_000543.JPG,2281,2517,2033,2257,2399.0,2145.0,15
543,NARS-04_000543.JPG,1481,1741,619,855,1611.0,737.0,12
543,NARS-04_000543.JPG,1015,1251,2087,2322,1133.0,2204.5,16
543,NARS-04_000543.JPG,3831,3986,2390,2589,3908.5,2489.5,10
543,NARS-04_000543.JPG,2141,2407,2276,2521,2274.0,2398.5,17
543,NARS-04_000543.JPG,675,917,2278,2510,796.0,2394.0,13
543,NARS-04_000543.JPG,1696,1925,2963,3240,1810.5,3101.5,7
543,NARS-04_000543.JPG,1413,1668,2625,2856,1540.5,2740.5,14
543,NARS-04_000543.JPG,1533,1788,1946,2199,1660.5,2072.5,11
544,NARS-04_000544.JPG,126,351,2413,2573,238.5,2493.0,20
544,NARS-04_000544.JPG,1906,2106,1063,1282,2006.0,1172.5,6
544,NARS-04_000544.JPG,837,1127,377,665,982.0,521.0,9
544,NARS-04_000544.JPG,2028,2280,2427,2712,2154.0,2569.5,21
544,NARS-04_000544.JPG,1481,1746,607,857,1613.5,732.0,12
544,NARS-04_000544.JPG,2286,2542,2013,2256,2414.0,2134.5,15
544,NARS-04_000544.JPG,1011,1256,2075,2314,1133.5,2194.5,16
544,NARS-04_000544.JPG,3831,3986,2390,2589,3908.5,2489.5,10
544,NARS-04_000544.JPG,673,900,2274,2518,786.5,2396.0,13
544,NARS-04_000544.JPG,1695,1919,2962,3234,1807.0,3098.0,7
544,NARS-04_000544.JPG,2189,2471,2248,2495,2330.0,2371.5,17
544,NARS-04_000544.JPG,1407,1673,2639,2860,1540.0,2749.5,14
544,NARS-04_000544.JPG,1533,1790,1947,2207,1661.5,2077.0,11
546,NARS-04_000546.JPG,140,349,2417,2578,244.5,2497.5,20
546,NARS-04_000546.JPG,1909,2104,1070,1279,2006.5,1174.5,6
546,NARS-04_000546.JPG,2029,2287,2431,2710,2158.0,2570.5,21
546,NARS-04_000546.JPG,840,1127,385,666,983.5,525.5,9
546,NARS-04_000546.JPG,1491,1758,604,847,1624.5,725.5,12
546,NARS-04_000546.JPG,1018,1258,2066,2303,1138.0,2184.5,16
546,NARS-04_000546.JPG,2303,2569,2022,2253,2436.0,2137.5,15
546,NARS-04_000546.JPG,3837,3981,2399,2600,3909.0,2499.5,10
546,NARS-04_000546.JPG,668,914,2283,2517,791.0,2400.0,13
546,NARS-04_000546.JPG,1699,1919,2966,3239,1809.0,3102.5,7
546,NARS-04_000546.JPG,2199,2473,2227,2482,2336.0,2354.5,17
546,NARS-04_000546.JPG,1425,1681,2639,2864,1553.0,2751.5,14
546,NARS-04_000546.JPG,1542,1799,1972,2227,1670.5,2099.5,11
547,NARS-04_000547.JPG,141,353,2430,2602,247.0,2516.0,20
547,NARS-04_000547.JPG,1498,1777,595,843,1637.5,719.0,12
547,NARS-04_000547.JPG,1909,2112,1064,1287,2010.5,1175.5,6
547,NARS-04_000547.JPG,5328,5536,4,114,5432.0,59.0,19
547,NARS-04_000547.JPG,2040,2286,2424,2709,2163.0,2566.5,21
547,NARS-04_000547.JPG,835,1127,383,664,981.0,523.5,9
547,NARS-04_000547.JPG,1024,1267,2058,2302,1145.5,2180.0,16
547,NARS-04_000547.JPG,3831,3985,2396,2602,3908.0,2499.0,10
547,NARS-04_000547.JPG,2301,2573,1997,2243,2437.0,2120.0,15
547,NARS-04_000547.JPG,669,899,2276,2517,784.0,2396.5,13
547,NARS-04_000547.JPG,2166,2445,2217,2478,2305.5,2347.5,17
547,NARS-04_000547.JPG,1695,1913,2963,3238,1804.0,3100.5,7
547,NARS-04_000547.JPG,1406,1668,2646,2862,1537.0,2754.0,14
547,NARS-04_000547.JPG,1540,1791,1975,2225,1665.5,2100.0,11
550,NARS-04_000550.JPG,1528,1826,595,839,1677.0,717.0,12
550,NARS-04_000550.JPG,808,1105,355,628,956.5,491.5,9
550,NARS-04_000550.JPG,1932,2123,1053,1271,2027.5,1162.0,6
550,NARS-04_000550.JPG,3818,3962,2273,2458,3890.0,2365.5,10
550,NARS-04_000550.JPG,1057,1324,2063,2305,1190.5,2184.0,16
550,NARS-04_000550.JPG,125,337,2504,2702,231.0,2603.0,20
550,NARS-04_000550.JPG,2058,2299,2370,2665,2178.5,2517.5,17
550,NARS-04_000550.JPG,5483,5709,1,140,5596.0,70.5,19
550,NARS-04_000550.JPG,675,896,2291,2508,785.5,2399.5,13
550,NARS-04_000550.JPG,2148,2412,2160,2437,2280.0,2298.5,15
550,NARS-04_000550.JPG,1707,1919,2977,3227,1813.0,3102.0,7
550,NARS-04_000550.JPG,1359,1617,2611,2832,1488.0,2721.5,14
550,NARS-04_000550.JPG,1595,1839,1901,2167,1717.0,2034.0,11
550,NARS-04_000550.JPG,2313,2580,1940,2199,2446.5,2069.5,3
551,NARS-04_000551.JPG,1534,1827,598,837,1680.5,717.5,12
551,NARS-04_000551.JPG,784,1089,354,613,936.5,483.5,9
551,NARS-04_000551.JPG,1933,2122,1050,1272,2027.5,1161.0,6
551,NARS-04_000551.JPG,3808,3963,2257,2456,3885.5,2356.5,10
551,NARS-04_000551.JPG,1047,1327,2070,2314,1187.0,2192.0,16
551,NARS-04_000551.JPG,1644,1907,1848,2127,1775.5,1987.5,11
551,NARS-04_000551.JPG,2074,2303,2367,2652,2188.5,2509.5,17
551,NARS-04_000551.JPG,106,326,2515,2728,216.0,2621.5,20
551,NARS-04_000551.JPG,2150,2419,2149,2423,2284.5,2286.0,15
551,NARS-04_000551.JPG,699,893,2297,2504,796.0,2400.5,13
551,NARS-04_000551.JPG,1339,1596,2608,2830,1467.5,2719.0,14
551,NARS-04_000551.JPG,1713,1912,2978,3225,1812.5,3101.5,7
551,NARS-04_000551.JPG,5505,5755,1,149,5630.0,75.0,19
551,NARS-04_000551.JPG,2315,2575,1955,2210,2445.0,2082.5,3
552,NARS-04_000552.JPG,1531,1836,584,828,1683.5,706.0,12
552,NARS-04_000552.JPG,1237,1486,2557,2810,1361.5,2683.5,14
552,NARS-04_000552.JPG,3807,3954,2279,2455,3880.5,2367.0,10
552,NARS-04_000552.JPG,1930,2127,1056,1275,2028.5,1165.5,6
552,NARS-04_000552.JPG,749,1058,344,614,903.5,479.0,9
552,NARS-04_000552.JPG,1737,2008,1802,2078,1872.5,1940.0,11
552,NARS-04_000552.JPG,1059,1321,2089,2326,1190.0,2207.5,16
552,NARS-04_000552.JPG,2076,2318,2371,2657,2197.0,2514.0,17
552,NARS-04_000552.JPG,5483,5728,0,169,5605.5,84.5,19
552,NARS-04_000552.JPG,695,895,2300,2506,795.0,2403.0,13
552,NARS-04_000552.JPG,93,327,2538,2756,210.0,2647.0,20
552,NARS-04_000552.JPG,2159,2417,2177,2443,2288.0,2310.0,15
552,NARS-04_000552.JPG,1719,1919,2985,3230,1819.0,3107.5,7
552,NARS-04_000552.JPG,2333,2614,1971,2229,2473.5,2100.0,3
556,NARS-04_000556.JPG,1938,2107,1051,1257,2022.5,1154.0,6
556,NARS-04_000556.JPG,1072,1332,2057,2286,1202.0,2171.5,16
556,NARS-04_000556.JPG,1222,1469,2494,2762,1345.5,2628.0,14
556,NARS-04_000556.JPG,1554,1848,562,786,1701.0,674.0,12
556,NARS-04_000556.JPG,1713,1966,1739,2020,1839.5,1879.5,11
556,NARS-04_000556.JPG,2081,2306,2318,2606,2193.5,2462.0,17
556,NARS-04_000556.JPG,2165,2415,2111,2363,2290.0,2237.0,15
556,NARS-04_000556.JPG,5457,5695,0,153,5576.0,76.5,19
556,NARS-04_000556.JPG,723,1012,327,564,867.5,445.5,9
556,NARS-04_000556.JPG,92,330,2517,2739,211.0,2628.0,20
556,NARS-04_000556.JPG,694,886,2313,2502,790.0,2407.5,13
556,NARS-04_000556.JPG,1720,1914,2997,3227,1817.0,3112.0,7
556,NARS-04_000556.JPG,2335,2619,1892,2178,2477.0,2035.0,3
556,NARS-04_000556.JPG,1463,1603,242,362,1533.0,302.0,5
556,NARS-04_000556.JPG,834,1005,2749,2927,919.5,2838.0,22
561,NARS-04_000561.JPG,1076,1379,2044,2281,1227.5,2162.5,16
561,NARS-04_000561.JPG,1926,2130,1017,1253,2028.0,1135.0,6
561,NARS-04_000561.JPG,818,1014,2702,2915,916.0,2808.5,22
561,NARS-04_000561.JPG,2061,2312,2295,2600,2186.5,2447.5,17
561,NARS-04_000561.JPG,1216,1486,2488,2753,1351.0,2620.5,14
561,NARS-04_000561.JPG,2162,2430,2089,2358,2296.0,2223.5,15
561,NARS-04_000561.JPG,1553,1868,536,783,1710.5,659.5,12
561,NARS-04_000561.JPG,85,357,2474,2706,221.0,2590.0,20
561,NARS-04_000561.JPG,733,1045,295,572,889.0,433.5,9
561,NARS-04_000561.JPG,1721,2001,1713,2008,1861.0,1860.5,11
561,NARS-04_000561.JPG,5458,5692,0,136,5575.0,68.0,19
561,NARS-04_000561.JPG,684,909,2309,2507,796.5,2408.0,13
561,NARS-04_000561.JPG,1714,1913,2980,3232,1813.5,3106.0,7
561,NARS-04_000561.JPG,2331,2651,1874,2168,2491.0,2021.0,3
561,NARS-04_000561.JPG,1435,1602,229,387,1518.5,308.0,5
563,NARS-04_000563.JPG,1082,1369,2041,2278,1225.5,2159.5,16
563,NARS-04_000563.JPG,1933,2124,1025,1243,2028.5,1134.0,6
563,NARS-04_000563.JPG,822,1017,2700,2907,919.5,2803.5,22
563,NARS-04_000563.JPG,2068,2305,2299,2599,2186.5,2449.0,17
563,NARS-04_000563.JPG,1224,1490,2496,2746,1357.0,2621.0,14
563,NARS-04_000563.JPG,2167,2418,2087,2352,2292.5,2219.5,15
563,NARS-04_000563.JPG,1557,1868,538,779,1712.5,658.5,12
563,NARS-04_000563.JPG,88,357,2478,2702,222.5,2590.0,20
563,NARS-04_000563.JPG,740,1047,307,567,893.5,437.0,9
563,NARS-04_000563.JPG,5457,5681,1,136,5569.0,68.5,19
563,NARS-04_000563.JPG,1726,2003,1722,2004,1864.5,1863.0,11
563,NARS-04_000563.JPG,687,877,2303,2507,782.0,2405.0,13
563,NARS-04_000563.JPG,1721,1905,2975,3236,1813.0,3105.5,7
563,NARS-04_000563.JPG,2338,2653,1881,2163,2495.5,2022.0,3
563,NARS-04_000563.JPG,1430,1593,228,379,1511.5,303.5,5
564,NARS-04_000564.JPG,817,1017,2699,2913,917.0,2806.0,22
564,NARS-04_000564.JPG,1929,2127,1023,1245,2028.0,1134.0,6
564,NARS-04_000564.JPG,1083,1372,2035,2278,1227.5,2156.5,16
564,NARS-04_000564.JPG,1222,1494,2483,2754,1358.0,2618.5,14
564,NARS-04_000564.JPG,2068,2306,2326,2603,2187.0,2464.5,17
564,NARS-04_000564.JPG,1554,1870,540,779,1712.0,659.5,12
564,NARS-04_000564.JPG,84,358,2473,2705,221.0,2589.0,20
564,NARS-04_000564.JPG,738,1048,308,564,893.0,436.0,9
564,NARS-04_000564.JPG,5457,5688,4,133,5572.5,68.5,19
564,NARS-04_000564.JPG,1723,2016,1720,2008,1869.5,1864.0,11
564,NARS-04_000564.JPG,2152,2411,2138,2394,2281.5,2266.0,15
564,NARS-04_000564.JPG,687,898,2301,2508,792.5,2404.5,13
564,NARS-04_000564.JPG,1721,1914,2975,3239,1817.5,3107.0,7
564,NARS-04_000564.JPG,2341,2651,1884,2165,2496.0,2024.5,3
564,NARS-04_000564.JPG,1425,1599,222,379,1512.0,300.5,5
565,NARS-04_000565.JPG,1927,2126,1018,1251,2026.5,1134.5,6
565,NARS-04_000565.JPG,1078,1377,2035,2277,1227.5,2156.0,16
565,NARS-04_000565.JPG,804,1019,2692,2913,911.5,2802.5,22
565,NARS-04_000565.JPG,2064,2308,2290,2603,2186.0,2446.5,17
565,NARS-04_000565.JPG,1222,1493,2480,2753,1357.5,2616.5,14
565,NARS-04_000565.JPG,2159,2420,2084,2363,2289.5,2223.5,15
565,NARS-04_000565.JPG,1555,1873,534,783,1714.0,658.5,12
565,NARS-04_000565.JPG,739,1049,301,572,894.0,436.5,9
565,NARS-04_000565.JPG,81,354,2472,2708,217.5,2590.0,20
565,NARS-04_000565.JPG,5451,5699,0,140,5575.0,70.0,19
565,NARS-04_000565.JPG,1857,2065,2854,3131,1961.0,2992.5,7
565,NARS-04_000565.JPG,1725,2010,1717,2011,1867.5,1864.0,11
565,NARS-04_000565.JPG,675,879,2299,2510,777.0,2404.5,13
565,NARS-04_000565.JPG,2340,2658,1869,2170,2499.0,2019.5,3
565,NARS-04_000565.JPG,1421,1596,224,376,1508.5,300.0,5
567,NARS-04_000567.JPG,1929,2126,1028,1252,2027.5,1140.0,6
567,NARS-04_000567.JPG,1099,1397,2054,2292,1248.0,2173.0,16
567,NARS-04_000567.JPG,808,1004,2684,2903,906.0,2793.5,22
567,NARS-04_000567.JPG,1231,1499,2500,2765,1365.0,2632.5,14
567,NARS-04_000567.JPG,758,1064,314,574,911.0,444.0,9
567,NARS-04_000567.JPG,1558,1872,552,796,1715.0,674.0,12
567,NARS-04_000567.JPG,2067,2308,2313,2617,2187.5,2465.0,17
567,NARS-04_000567.JPG,2163,2421,2100,2368,2292.0,2234.0,15
567,NARS-04_000567.JPG,91,373,2478,2710,232.0,2594.0,20
567,NARS-04_000567.JPG,5491,5728,0,167,5609.5,83.5,19
567,NARS-04_000567.JPG,1764,2054,1755,2041,1909.0,1898.0,11
567,NARS-04_000567.JPG,676,888,2304,2510,782.0,2407.0,13
567,NARS-04_000567.JPG,2011,2267,2723,2988,2139.0,2855.5,21
567,NARS-04_000567.JPG,1418,1588,232,392,1503.0,312.0,5
567,NARS-04_000567.JPG,2368,2696,1889,2176,2532.0,2032.5,3
572,NARS-04_000572.JPG,1930,2099,1051,1257,2014.5,1154.0,6
572,NARS-04_000572.JPG,1559,1848,582,811,1703.5,696.5,12
572,NARS-04_000572.JPG,767,1056,353,590,911.5,471.5,9
572,NARS-04_000572.JPG,1111,1392,2086,2301,1251.5,2193.5,16
572,NARS-04_000572.JPG,1248,1495,2496,2748,1371.5,2622.0,14
572,NARS-04_000572.JPG,2091,2316,2318,2606,2203.5,2462.0,17
572,NARS-04_000572.JPG,2218,2479,2100,2365,2348.5,2232.5,15
572,NARS-04_000572.JPG,1772,2037,1789,2070,1904.5,1929.5,11
572,NARS-04_000572.JPG,117,369,2527,2762,243.0,2644.5,20
572,NARS-04_000572.JPG,815,1019,2775,3059,917.0,2917.0,22
572,NARS-04_000572.JPG,692,884,2333,2522,788.0,2427.5,13
572,NARS-04_000572.JPG,5549,5787,0,182,5668.0,91.0,19
572,NARS-04_000572.JPG,2051,2320,2744,3010,2185.5,2877.0,21
572,NARS-04_000572.JPG,1430,1596,256,415,1513.0,335.5,5
572,NARS-04_000572.JPG,2381,2690,1953,2221,2535.5,2087.0,3
578,NARS-04_000578.JPG,797,1093,348,600,945.0,474.0,9
578,NARS-04_000578.JPG,1899,2104,1073,1282,2001.5,1177.5,6
578,NARS-04_000578.JPG,1240,1470,2579,2814,1355.0,2696.5,14
578,NARS-04_000578.JPG,5365,5563,2,221,5464.0,111.5,19
578,NARS-04_000578.JPG,2059,2300,2486,2767,2179.5,2626.5,21
578,NARS-04_000578.JPG,2253,2508,2033,2282,2380.5,2157.5,15
578,NARS-04_000578.JPG,45,319,2380,2549,182.0,2464.5,20
578,NARS-04_000578.JPG,1486,1742,517,745,1614.0,631.0,12
578,NARS-04_000578.JPG,1531,1767,1815,2053,1649.0,1934.0,11
578,NARS-04_000578.JPG,953,1190,2065,2270,1071.5,2167.5,16
578,NARS-04_000578.JPG,864,1086,2354,2602,975.0,2478.0,13
578,NARS-04_000578.JPG,2078,2319,2076,2319,2198.5,2197.5,17
578,NARS-04_000578.JPG,1093,1365,2564,2847,1229.0,2705.5,22
578,NARS-04_000578.JPG,1364,1578,263,474,1471.0,368.5,5
578,NARS-04_000578.JPG,2135,2392,2667,2901,2263.5,2784.0,7
584,NARS-04_000584.JPG,812,1101,370,610,956.5,490.0,9
584,NARS-04_000584.JPG,1115,1396,2049,2264,1255.5,2156.5,16
584,NARS-04_000584.JPG,69,335,2451,2660,202.0,2555.5,20
584,NARS-04_000584.JPG,1889,2088,1074,1280,1988.5,1177.0,6
584,NARS-04_000584.JPG,2057,2272,2476,2752,2164.5,2614.0,21
584,NARS-04_000584.JPG,1742,2007,1781,2062,1874.5,1921.5,11
584,NARS-04_000584.JPG,5345,5506,5,232,5425.5,118.5,19
584,NARS-04_000584.JPG,1207,1411,2621,2884,1309.0,2752.5,14
584,NARS-04_000584.JPG,1455,1661,547,753,1558.0,650.0,12
584,NARS-04_000584.JPG,2267,2484,1920,2188,2375.5,2054.0,15
584,NARS-04_000584.JPG,1345,1560,281,487,1452.5,384.0,5
584,NARS-04_000584.JPG,2017,2239,1976,2201,2128.0,2088.5,17
584,NARS-04_000584.JPG,1361,1553,2644,2831,1457.0,2737.5,22
589,NARS-04_000589.JPG,5416,5644,1,177,5530.0,89.0,19
589,NARS-04_000589.JPG,1084,1386,2056,2284,1235.0,2170.0,16
589,NARS-04_000589.JPG,815,1108,334,610,961.5,472.0,9
589,NARS-04_000589.JPG,1895,2092,1067,1276,1993.5,1171.5,6
589,NARS-04_000589.JPG,1700,1953,1775,2059,1826.5,1917.0,11
589,NARS-04_000589.JPG,2031,2271,2472,2746,2151.0,2609.0,21
589,NARS-04_000589.JPG,2274,2523,2007,2270,2398.5,2138.5,15
589,NARS-04_000589.JPG,43,341,2375,2542,192.0,2458.5,20
589,NARS-04_000589.JPG,1257,1443,2613,2933,1350.0,2773.0,14
589,NARS-04_000589.JPG,1445,1652,566,794,1548.5,680.0,12
589,NARS-04_000589.JPG,1329,1548,302,509,1438.5,405.5,5
589,NARS-04_000589.JPG,2068,2280,1993,2236,2174.0,2114.5,17
589,NARS-04_000589.JPG,1378,1608,2670,2870,1493.0,2770.0,22
607,NARS-04_000607.JPG,1528,1834,582,816,1681.0,699.0,12
607,NARS-04_000607.JPG,1209,1464,2506,2771,1336.5,2638.5,14
607,NARS-04_000607.JPG,1099,1388,2073,2299,1243.5,2186.0,16
607,NARS-04_000607.JPG,1698,1962,1791,2055,1830.0,1923.0,11
607,NARS-04_000607.JPG,1878,2081,1044,1248,1979.5,1146.0,6
607,NARS-04_000607.JPG,2141,2402,2140,2404,2271.5,2272.0,15
607,NARS-04_000607.JPG,5492,5755,0,183,5623.5,91.5,19
607,NARS-04_000607.JPG,2047,2284,2382,2660,2165.5,2521.0,17
607,NARS-04_000607.JPG,1604,1888,2905,3175,1746.0,3040.0,7
607,NARS-04_000607.JPG,76,332,2573,2830,204.0,2701.5,20
607,NARS-04_000607.JPG,756,1083,2753,3077,919.5,2915.0,22
607,NARS-04_000607.JPG,970,1123,27,172,1046.5,99.5,9
607,NARS-04_000607.JPG,1389,1673,178,471,1531.0,324.5,5
607,NARS-04_000607.JPG,2349,2647,1957,2222,2498.0,2089.5,3
610,NARS-04_000610.JPG,1537,1838,585,816,1687.5,700.5,12
610,NARS-04_000610.JPG,1872,2087,1032,1250,1979.5,1141.0,6
610,NARS-04_000610.JPG,1202,1445,2513,2773,1323.5,2643.0,14
610,NARS-04_000610.JPG,1701,1954,1817,2063,1827.5,1940.0,11
610,NARS-04_000610.JPG,1111,1402,2098,2309,1256.5,2203.5,16
610,NARS-04_000610.JPG,2150,2409,2160,2406,2279.5,2283.0,15
610,NARS-04_000610.JPG,2066,2281,2386,2651,2173.5,2518.5,17
610,NARS-04_000610.JPG,5523,5789,4,197,5656.0,100.5,19
610,NARS-04_000610.JPG,1615,1881,2847,3183,1748.0,3015.0,7
610,NARS-04_000610.JPG,91,337,2598,2845,214.0,2721.5,20
610,NARS-04_000610.JPG,758,1066,2784,3092,912.0,2938.0,22
610,NARS-04_000610.JPG,974,1127,38,187,1050.5,112.5,9
610,NARS-04_000610.JPG,1400,1667,208,467,1533.5,337.5,5
610,NARS-04_000610.JPG,2361,2662,1969,2216,2511.5,2092.5,3
611,NARS-04_000611.JPG,1542,1841,582,811,1691.5,696.5,12
611,NARS-04_000611.JPG,1872,2087,1032,1250,1979.5,1141.0,6
611,NARS-04_000611.JPG,1207,1439,2519,2771,1323.0,2645.0,14
611,NARS-04_000611.JPG,1707,1949,1825,2060,1828.0,1942.5,11
611,NARS-04_000611.JPG,1118,1398,2100,2310,1258.0,2205.0,16
611,NARS-04_000611.JPG,2166,2406,2165,2403,2286.0,2284.0,15
611,NARS-04_000611.JPG,2062,2274,2397,2649,2168.0,2523.0,17
611,NARS-04_000611.JPG,5531,5789,3,202,5660.0,102.5,19
611,NARS-04_000611.JPG,1611,1881,2923,3156,1746.0,3039.5,7
611,NARS-04_000611.JPG,761,1065,2793,3087,913.0,2940.0,22
611,NARS-04_000611.JPG,104,337,2609,2851,220.5,2730.0,20
611,NARS-04_000611.JPG,965,1110,48,175,1037.5,111.5,9
611,NARS-04_000611.JPG,1398,1664,207,467,1531.0,337.0,5
611,NARS-04_000611.JPG,2376,2660,1966,2214,2518.0,2090.0,3
613,NARS-04_000613.JPG,1542,1841,590,819,1691.5,704.5,12
613,NARS-04_000613.JPG,1860,2075,1032,1250,1967.5,1141.0,6
613,NARS-04_000613.JPG,1199,1431,2519,2771,1315.0,2645.0,14
613,NARS-04_000613.JPG,1707,1965,1825,2060,1836.0,1942.5,11
613,NARS-04_000613.JPG,1126,1406,2100,2310,1266.0,2205.0,16
613,NARS-04_000613.JPG,2165,2413,2165,2403,2289.0,2284.0,15
613,NARS-04_000613.JPG,2062,2274,2397,2649,2168.0,2523.0,17
613,NARS-04_000613.JPG,1613,1883,2917,3150,1748.0,3033.5,7
613,NARS-04_000613.JPG,5549,5807,3,222,5678.0,112.5,19
613,NARS-04_000613.JPG,763,1067,2803,3097,915.0,2950.0,22
613,NARS-04_000613.JPG,116,349,2629,2871,232.5,2750.0,20
613,NARS-04_000613.JPG,965,1118,36,174,1041.5,105.0,9
613,NARS-04_000613.JPG,1392,1648,196,467,1520.0,331.5,5
613,NARS-04_000613.JPG,2376,2660,1958,2206,2518.0,2082.0,3
618,NARS-04_000618.JPG,1531,1845,586,821,1688.0,703.5,12
618,NARS-04_000618.JPG,1202,1457,2528,2781,1329.5,2654.5,14
618,NARS-04_000618.JPG,1696,1964,1814,2075,1830.0,1944.5,11
618,NARS-04_000618.JPG,1092,1399,2097,2313,1245.5,2205.0,16
618,NARS-04_000618.JPG,2051,2295,2383,2661,2173.0,2522.0,17
618,NARS-04_000618.JPG,2150,2425,2171,2423,2287.5,2297.0,15
618,NARS-04_000618.JPG,1623,1903,2895,3158,1763.0,3026.5,7
618,NARS-04_000618.JPG,773,1109,2797,3104,941.0,2950.5,22
618,NARS-04_000618.JPG,5529,5797,0,217,5663.0,108.5,19
618,NARS-04_000618.JPG,100,355,2587,2852,227.5,2719.5,20
618,NARS-04_000618.JPG,1381,1677,197,481,1529.0,339.0,5
618,NARS-04_000618.JPG,974,1163,6,174,1068.5,90.0,9
618,NARS-04_000618.JPG,2360,2668,1960,2229,2514.0,2094.5,3
620,NARS-04_000620.JPG,1239,1471,2563,2799,1355.0,2681.0,14
620,NARS-04_000620.JPG,1549,1842,633,849,1695.5,741.0,12
620,NARS-04_000620.JPG,1094,1353,2124,2324,1223.5,2224.0,16
620,NARS-04_000620.JPG,1708,1967,1870,2103,1837.5,1986.5,11
620,NARS-04_000620.JPG,2070,2285,2410,2670,2177.5,2540.0,21
620,NARS-04_000620.JPG,2165,2428,2196,2429,2296.5,2312.5,15
620,NARS-04_000620.JPG,1613,1885,2894,3132,1749.0,3013.0,7
620,NARS-04_000620.JPG,821,1132,2824,3122,976.5,2973.0,22
620,NARS-04_000620.JPG,5541,5794,2,247,5667.5,124.5,19
620,NARS-04_000620.JPG,103,345,2611,2857,224.0,2734.0,20
620,NARS-04_000620.JPG,2192,2323,1798,1932,2257.5,1865.0,3
620,NARS-04_000620.JPG,981,1211,33,222,1096.0,127.5,9
620,NARS-04_000620.JPG,1420,1699,224,484,1559.5,354.0,5
620,NARS-04_000620.JPG,2375,2675,2014,2267,2525.0,2140.5,17
622,NARS-04_000622.JPG,1250,1480,2565,2800,1365.0,2682.5,14
622,NARS-04_000622.JPG,1536,1819,613,837,1677.5,725.0,12
622,NARS-04_000622.JPG,1085,1335,2115,2315,1210.0,2215.0,16
622,NARS-04_000622.JPG,1696,1958,1818,2057,1827.0,1937.5,11
622,NARS-04_000622.JPG,804,1118,2739,3062,961.0,2900.5,22
622,NARS-04_000622.JPG,1625,1920,2882,3127,1772.5,3004.5,7
622,NARS-04_000622.JPG,2147,2400,2177,2415,2273.5,2296.0,15
622,NARS-04_000622.JPG,2071,2294,2407,2666,2182.5,2536.5,21
622,NARS-04_000622.JPG,5516,5778,2,207,5647.0,104.5,19
622,NARS-04_000622.JPG,72,319,2565,2820,195.5,2692.5,20
622,NARS-04_000622.JPG,2144,2289,1743,1906,2216.5,1824.5,3
622,NARS-04_000622.JPG,852,1159,1,175,1005.5,88.0,9
622,NARS-04_000622.JPG,1392,1658,163,450,1525.0,306.5,5
622,NARS-04_000622.JPG,2360,2661,1984,2240,2510.5,2112.0,17
624,NARS-04_000624.JPG,1531,1825,615,837,1678.0,726.0,12
624,NARS-04_000624.JPG,1256,1486,2579,2814,1371.0,2696.5,14
624,NARS-04_000624.JPG,1085,1335,2115,2315,1210.0,2215.0,16
624,NARS-04_000624.JPG,1678,1940,1849,2088,1809.0,1968.5,11
624,NARS-04_000624.JPG,2138,2397,2162,2406,2267.5,2284.0,15
624,NARS-04_000624.JPG,5500,5756,0,198,5628.0,99.0,19
624,NARS-04_000624.JPG,2064,2292,2409,2672,2178.0,2540.5,21
624,NARS-04_000624.JPG,800,1115,2791,3099,957.5,2945.0,22
624,NARS-04_000624.JPG,1607,1914,2872,3137,1760.5,3004.5,7
624,NARS-04_000624.JPG,66,313,2563,2807,189.5,2685.0,20
624,NARS-04_000624.JPG,2145,2313,1745,1916,2229.0,1830.5,3
624,NARS-04_000624.JPG,867,1187,0,178,1027.0,89.0,9
624,NARS-04_000624.JPG,1404,1682,174,457,1543.0,315.5,5
624,NARS-04_000624.JPG,2342,2666,1996,2257,2504.0,2126.5,17
625,NARS-04_000625.JPG,1256,1486,2570,2805,1371.0,2687.5,14
625,NARS-04_000625.JPG,1536,1811,626,830,1673.5,728.0,12
625,NARS-04_000625.JPG,1681,1943,1861,2100,1812.0,1980.5,11
625,NARS-04_000625.JPG,2138,2397,2162,2406,2267.5,2284.0,15
625,NARS-04_000625.JPG,5505,5752,3,195,5628.5,99.0,19
625,NARS-04_000625.JPG,2064,2292,2403,2666,2178.0,2534.5,21
625,NARS-04_000625.JPG,1613,1904,2881,3126,1758.5,3003.5,7
625,NARS-04_000625.JPG,789,1085,2798,3089,937.0,2943.5,22
625,NARS-04_000625.JPG,67,294,2580,2812,180.5,2696.0,20
625,NARS-04_000625.JPG,2135,2298,1753,1919,2216.5,1836.0,3
625,NARS-04_000625.JPG,857,1156,3,174,1006.5,88.5,9
625,NARS-04_000625.JPG,1414,1662,179,449,1538.0,314.0,5
625,NARS-04_000625.JPG,2359,2653,2001,2249,2506.0,2125.0,17
630,NARS-04_000630.JPG,1525,1818,601,823,1671.5,712.0,12
630,NARS-04_000630.JPG,1658,1920,1837,2076,1789.0,1956.5,11
630,NARS-04_000630.JPG,1276,1506,2556,2791,1391.0,2673.5,14
630,NARS-04_000630.JPG,2146,2400,2142,2369,2273.0,2255.5,15
630,NARS-04_000630.JPG,785,1098,2747,3059,941.5,2903.0,22
630,NARS-04_000630.JPG,1655,1924,2863,3143,1789.5,3003.0,7
630,NARS-04_000630.JPG,2078,2300,2416,2672,2189.0,2544.0,21
630,NARS-04_000630.JPG,5494,5759,0,138,5626.5,69.0,19
630,NARS-04_000630.JPG,61,299,2542,2796,180.0,2669.0,20
630,NARS-04_000630.JPG,2115,2315,1726,1919,2215.0,1822.5,3
630,NARS-04_000630.JPG,899,1177,3,178,1038.0,90.5,9
630,NARS-04_000630.JPG,1409,1677,141,432,1543.0,286.5,5
630,NARS-04_000630.JPG,2350,2662,1979,2232,2506.0,2105.5,17
630,NARS-04_000630.JPG,5596,5741,2894,3068,5668.5,2981.0,23
632,NARS-04_000632.JPG,5591,5739,2889,3066,5665.0,2977.5,23
632,NARS-04_000632.JPG,1531,1816,618,834,1673.5,726.0,12
632,NARS-04_000632.JPG,1273,1503,2553,2788,1388.0,2670.5,14
632,NARS-04_000632.JPG,1666,1928,1840,2079,1797.0,1959.5,11
632,NARS-04_000632.JPG,1664,1932,2864,3154,1798.0,3009.0,7
632,NARS-04_000632.JPG,783,1092,2762,3067,937.5,2914.5,22
632,NARS-04_000632.JPG,2141,2384,2150,2385,2262.5,2267.5,15
632,NARS-04_000632.JPG,2075,2297,2414,2676,2186.0,2545.0,21
632,NARS-04_000632.JPG,5494,5755,2,147,5624.5,74.5,19
632,NARS-04_000632.JPG,59,297,2543,2788,178.0,2665.5,20
632,NARS-04_000632.JPG,2118,2325,1724,1937,2221.5,1830.5,3
632,NARS-04_000632.JPG,909,1182,2,191,1045.5,96.5,9
632,NARS-04_000632.JPG,1413,1681,151,433,1547.0,292.0,5
632,NARS-04_000632.JPG,2351,2638,1984,2235,2494.5,2109.5,17
633,NARS-04_000633.JPG,5595,5741,2899,3065,5668.0,2982.0,23
633,NARS-04_000633.JPG,1536,1811,617,831,1673.5,724.0,12
633,NARS-04_000633.JPG,1265,1495,2550,2785,1380.0,2667.5,14
633,NARS-04_000633.JPG,1658,1920,1846,2085,1789.0,1965.5,11
633,NARS-04_000633.JPG,1674,1930,2871,3151,1802.0,3011.0,7
633,NARS-04_000633.JPG,2141,2384,2150,2385,2262.5,2267.5,15
633,NARS-04_000633.JPG,789,1085,2776,3067,937.0,2921.5,22
633,NARS-04_000633.JPG,2075,2297,2414,2676,2186.0,2545.0,21
633,NARS-04_000633.JPG,5505,5743,3,146,5624.0,74.5,19
633,NARS-04_000633.JPG,67,294,2550,2782,180.5,2666.0,20
633,NARS-04_000633.JPG,2124,2321,1741,1928,2222.5,1834.5,3
633,NARS-04_000633.JPG,922,1182,3,190,1052.0,96.5,9
633,NARS-04_000633.JPG,1422,1670,163,433,1546.0,298.0,5
633,NARS-04_000633.JPG,2351,2645,1998,2233,2498.0,2115.5,17
634,NARS-04_000634.JPG,5589,5737,2882,3066,5663.0,2974.0,23
634,NARS-04_000634.JPG,1262,1492,2553,2788,1377.0,2670.5,14
634,NARS-04_000634.JPG,1526,1822,616,838,1674.0,727.0,12
634,NARS-04_000634.JPG,1658,1920,1849,2088,1789.0,1968.5,11
634,NARS-04_000634.JPG,1674,1935,2860,3155,1804.5,3007.5,7
634,NARS-04_000634.JPG,783,1092,2763,3074,937.5,2918.5,22
634,NARS-04_000634.JPG,5491,5753,0,153,5622.0,76.5,19
634,NARS-04_000634.JPG,2153,2396,2164,2399,2274.5,2281.5,15
634,NARS-04_000634.JPG,2069,2291,2391,2653,2180.0,2522.0,21
634,NARS-04_000634.JPG,55,293,2538,2787,174.0,2662.5,20
634,NARS-04_000634.JPG,2118,2329,1730,1933,2223.5,1831.5,3
634,NARS-04_000634.JPG,924,1189,2,192,1056.5,97.0,9
634,NARS-04_000634.JPG,1412,1686,153,442,1549.0,297.5,5
634,NARS-04_000634.JPG,2357,2659,1980,2235,2508.0,2107.5,17
635,NARS-04_000635.JPG,5591,5744,2884,3072,5667.5,2978.0,23
635,NARS-04_000635.JPG,1261,1487,2569,2793,1374.0,2681.0,14
635,NARS-04_000635.JPG,1522,1824,609,836,1673.0,722.5,12
635,NARS-04_000635.JPG,1649,1925,1856,2075,1787.0,1965.5,11
635,NARS-04_000635.JPG,1671,1934,2856,3157,1802.5,3006.5,7
635,NARS-04_000635.JPG,2061,2292,2411,2674,2176.5,2542.5,21
635,NARS-04_000635.JPG,778,1095,2761,3079,936.5,2920.0,22
635,NARS-04_000635.JPG,5489,5754,-3,158,5621.5,77.5,19
635,NARS-04_000635.JPG,2137,2389,2159,2393,2263.0,2276.0,15
635,NARS-04_000635.JPG,54,294,2540,2793,174.0,2666.5,20
635,NARS-04_000635.JPG,2117,2327,1735,1943,2222.0,1839.0,3
635,NARS-04_000635.JPG,923,1201,2,202,1062.0,102.0,9
635,NARS-04_000635.JPG,1415,1690,148,442,1552.5,295.0,5
635,NARS-04_000635.JPG,2353,2665,1986,2239,2509.0,2112.5,17
637,NARS-04_000637.JPG,5581,5742,2874,3074,5661.5,2974.0,23
637,NARS-04_000637.JPG,1253,1483,2556,2791,1368.0,2673.5,14
637,NARS-04_000637.JPG,1652,1914,1835,2074,1783.0,1954.5,11
637,NARS-04_000637.JPG,1523,1820,605,843,1671.5,724.0,12
637,NARS-04_000637.JPG,1671,1992,2849,3153,1831.5,3001.0,7
637,NARS-04_000637.JPG,2052,2291,2408,2673,2171.5,2540.5,21
637,NARS-04_000637.JPG,5485,5749,0,164,5617.0,82.0,19
637,NARS-04_000637.JPG,774,1098,2760,3083,936.0,2921.5,22
637,NARS-04_000637.JPG,2129,2373,2164,2409,2251.0,2286.5,17
637,NARS-04_000637.JPG,54,306,2530,2787,180.0,2658.5,20
637,NARS-04_000637.JPG,2114,2327,1735,1947,2220.5,1841.0,3
637,NARS-04_000637.JPG,2332,2601,2010,2260,2466.5,2135.0,15
637,NARS-04_000637.JPG,928,1205,3,211,1066.5,107.0,9
637,NARS-04_000637.JPG,1416,1694,142,441,1555.0,291.5,5
638,NARS-04_000638.JPG,5577,5741,2880,3082,5659.0,2981.0,23
638,NARS-04_000638.JPG,1248,1494,2565,2799,1371.0,2682.0,14
638,NARS-04_000638.JPG,1645,1901,1872,2105,1773.0,1988.5,11
638,NARS-04_000638.JPG,1534,1842,605,828,1688.0,716.5,12
638,NARS-04_000638.JPG,1651,1993,2862,3150,1822.0,3006.0,7
638,NARS-04_000638.JPG,2099,2345,2219,2436,2222.0,2327.5,17
638,NARS-04_000638.JPG,36,299,2502,2727,167.5,2614.5,20
638,NARS-04_000638.JPG,5478,5755,4,161,5616.5,82.5,19
638,NARS-04_000638.JPG,2050,2271,2403,2662,2160.5,2532.5,21
638,NARS-04_000638.JPG,850,1165,2830,3111,1007.5,2970.5,22
638,NARS-04_000638.JPG,2110,2342,1739,1962,2226.0,1850.5,3
638,NARS-04_000638.JPG,2333,2605,2036,2279,2469.0,2157.5,15
638,NARS-04_000638.JPG,931,1208,4,215,1069.5,109.5,9
638,NARS-04_000638.JPG,1422,1692,144,441,1557.0,292.5,5
649,NARS-04_000649.JPG,826,1107,2768,3064,966.5,2916.0,22
649,NARS-04_000649.JPG,1225,1371,356,491,1298.0,423.5,5
649,NARS-04_000649.JPG,89,317,2538,2760,203.0,2649.0,20
649,NARS-04_000649.JPG,5649,5843,2891,3116,5746.0,3003.5,23
649,NARS-04_000649.JPG,5515,5770,0,129,5642.5,64.5,19
649,NARS-04_000649.JPG,1817,2086,2943,3191,1951.5,3067.0,7
649,NARS-04_000649.JPG,2107,2342,1714,1939,2224.5,1826.5,3
649,NARS-04_000649.JPG,879,1175,1,181,1027.0,91.0,9
649,NARS-04_000649.JPG,1435,1690,154,440,1562.5,297.0,12
649,NARS-04_000649.JPG,5193,5367,990,1252,5280.0,1121.0,24
653,NARS-04_000653.JPG,5164,5355,966,1242,5259.5,1104.0,24
653,NARS-04_000653.JPG,1722,2006,2924,3190,1864.0,3057.0,7
653,NARS-04_000653.JPG,5630,5838,2874,3101,5734.0,2987.5,23
653,NARS-04_000653.JPG,58,278,2523,2747,168.0,2635.0,20
653,NARS-04_000653.JPG,5505,5746,-1,111,5625.5,55.0,19
653,NARS-04_000653.JPG,1167,1347,338,522,1257.0,430.0,5
653,NARS-04_000653.JPG,736,1017,2730,3050,876.5,2890.0,22
653,NARS-04_000653.JPG,2030,2276,1711,1941,2153.0,1826.0,3
653,NARS-04_000653.JPG,749,1023,0,204,886.0,102.0,9
653,NARS-04_000653.JPG,1384,1642,144,426,1513.0,285.0,12
653,NARS-04_000653.JPG,622,776,755,910,699.0,832.5,25
661,NARS-04_000661.JPG,5147,5343,950,1233,5245.0,1091.5,24
661,NARS-04_000661.JPG,5586,5860,2900,3138,5723.0,3019.0,23
661,NARS-04_000661.JPG,535,743,690,877,639.0,783.5,25
661,NARS-04_000661.JPG,51,264,2525,2755,157.5,2640.0,20
661,NARS-04_000661.JPG,1638,1884,2859,3151,1761.0,3005.0,7
661,NARS-04_000661.JPG,1135,1357,303,517,1246.0,410.0,5
661,NARS-04_000661.JPG,705,958,2720,3012,831.5,2866.0,22
661,NARS-04_000661.JPG,1993,2235,1759,1972,2114.0,1865.5,3
661,NARS-04_000661.JPG,687,976,0,183,831.5,91.5,9
661,NARS-04_000661.JPG,1377,1653,156,415,1515.0,285.5,12
662,NARS-04_000662.JPG,548,767,695,894,657.5,794.5,25
662,NARS-04_000662.JPG,5134,5342,932,1238,5238.0,1085.0,24
662,NARS-04_000662.JPG,5569,5858,2881,3133,5713.5,3007.0,23
662,NARS-04_000662.JPG,54,280,2525,2770,167.0,2647.5,20
662,NARS-04_000662.JPG,1111,1352,287,530,1231.5,408.5,5
662,NARS-04_000662.JPG,1680,1922,3033,3299,1801.0,3166.0,7
662,NARS-04_000662.JPG,704,980,2750,3051,842.0,2900.5,22
662,NARS-04_000662.JPG,2004,2272,1749,1980,2138.0,1864.5,3
662,NARS-04_000662.JPG,698,993,1,167,845.5,84.0,9
662,NARS-04_000662.JPG,1375,1659,160,431,1517.0,295.5,12
664,NARS-04_000664.JPG,5158,5371,922,1218,5264.5,1070.0,24
664,NARS-04_000664.JPG,5613,5881,2871,3127,5747.0,2999.0,23
664,NARS-04_000664.JPG,67,287,2530,2763,177.0,2646.5,20
664,NARS-04_000664.JPG,1183,1397,292,527,1290.0,409.5,5
664,NARS-04_000664.JPG,628,865,725,919,746.5,822.0,25
664,NARS-04_000664.JPG,730,995,2750,3033,862.5,2891.5,22
664,NARS-04_000664.JPG,1690,1934,3031,3297,1812.0,3164.0,7
664,NARS-04_000664.JPG,2079,2330,1748,1963,2204.5,1855.5,3
664,NARS-04_000664.JPG,787,1074,2,160,930.5,81.0,9
664,NARS-04_000664.JPG,1414,1680,163,437,1547.0,300.0,12
667,NARS-04_000667.JPG,1217,1423,350,596,1320.0,473.0,5
667,NARS-04_000667.JPG,5145,5403,905,1220,5274.0,1062.5,24
667,NARS-04_000667.JPG,84,304,2530,2763,194.0,2646.5,20
667,NARS-04_000667.JPG,757,1019,2746,3043,888.0,2894.5,22
667,NARS-04_000667.JPG,1715,1951,3023,3275,1833.0,3149.0,7
667,NARS-04_000667.JPG,5650,5932,2887,3148,5791.0,3017.5,23
667,NARS-04_000667.JPG,668,893,743,958,780.5,850.5,25
667,NARS-04_000667.JPG,2108,2359,1775,1998,2233.5,1886.5,3
667,NARS-04_000667.JPG,858,1146,0,187,1002.0,93.5,9
667,NARS-04_000667.JPG,1451,1706,182,459,1578.5,320.5,12
671,NARS-04_000671.JPG,596,880,712,994,738.0,853.0,25
671,NARS-04_000671.JPG,783,1046,2764,3040,914.5,2902.0,22
671,NARS-04_000671.JPG,1166,1437,271,573,1301.5,422.0,5
671,NARS-04_000671.JPG,5161,5403,887,1168,5282.0,1027.5,24
671,NARS-04_000671.JPG,81,293,2531,2779,187.0,2655.0,20
671,NARS-04_000671.JPG,5624,5928,2869,3122,5776.0,2995.5,23
671,NARS-04_000671.JPG,1687,1933,3028,3277,1810.0,3152.5,7
671,NARS-04_000671.JPG,2107,2359,1755,1980,2233.0,1867.5,3
671,NARS-04_000671.JPG,874,1155,0,162,1014.5,81.0,9
671,NARS-04_000671.JPG,1464,1715,177,459,1589.5,318.0,12
674,NARS-04_000674.JPG,802,1076,2766,3050,939.0,2908.0,22
674,NARS-04_000674.JPG,86,300,2521,2765,193.0,2643.0,20
674,NARS-04_000674.JPG,618,918,667,960,768.0,813.5,25
674,NARS-04_000674.JPG,1163,1456,239,556,1309.5,397.5,5
674,NARS-04_000674.JPG,1683,1944,3036,3269,1813.5,3152.5,7
674,NARS-04_000674.JPG,5169,5441,859,1125,5305.0,992.0,24
674,NARS-04_000674.JPG,5664,5950,2847,3116,5807.0,2981.5,23
674,NARS-04_000674.JPG,2121,2361,1728,1950,2241.0,1839.0,3
674,NARS-04_000674.JPG,896,1173,-1,145,1034.5,72.0,9
674,NARS-04_000674.JPG,1478,1718,176,451,1598.0,313.5,12
675,NARS-04_000675.JPG,805,1077,2768,3048,941.0,2908.0,22
675,NARS-04_000675.JPG,87,295,2520,2752,191.0,2636.0,20
675,NARS-04_000675.JPG,1181,1464,231,548,1322.5,389.5,5
675,NARS-04_000675.JPG,624,930,673,959,777.0,816.0,25
675,NARS-04_000675.JPG,5174,5435,861,1162,5304.5,1011.5,24
675,NARS-04_000675.JPG,1698,1941,3031,3261,1819.5,3146.0,7
675,NARS-04_000675.JPG,5679,5948,2845,3101,5813.5,2973.0,23
675,NARS-04_000675.JPG,2127,2363,1723,1946,2245.0,1834.5,3
675,NARS-04_000675.JPG,911,1186,0,136,1048.5,68.0,9
675,NARS-04_000675.JPG,1490,1715,179,445,1602.5,312.0,12
677,NARS-04_000677.JPG,810,1106,2758,3052,958.0,2905.0,22
677,NARS-04_000677.JPG,78,321,2507,2747,199.5,2627.0,20
677,NARS-04_000677.JPG,1223,1494,242,558,1358.5,400.0,5
677,NARS-04_000677.JPG,5172,5428,854,1137,5300.0,995.5,24
677,NARS-04_000677.JPG,2151,2387,1749,1974,2269.0,1861.5,3
677,NARS-04_000677.JPG,1698,1966,3027,3277,1832.0,3152.0,7
677,NARS-04_000677.JPG,5679,5952,2829,3086,5815.5,2957.5,23
677,NARS-04_000677.JPG,688,971,692,968,829.5,830.0,25
677,NARS-04_000677.JPG,958,1228,1,139,1093.0,70.0,9
677,NARS-04_000677.JPG,1496,1722,195,452,1609.0,323.5,12
684,NARS-04_000684.JPG,1455,1707,440,742,1581.0,591.0,12
684,NARS-04_000684.JPG,2261,2543,1862,2144,2402.0,2003.0,3
684,NARS-04_000684.JPG,896,1188,2863,3128,1042.0,2995.5,22
684,NARS-04_000684.JPG,1790,2027,3099,3356,1908.5,3227.5,7
684,NARS-04_000684.JPG,1182,1435,57,353,1308.5,205.0,5
684,NARS-04_000684.JPG,5747,5998,2672,2904,5872.5,2788.0,23
684,NARS-04_000684.JPG,932,1193,834,1102,1062.5,968.0,25
684,NARS-04_000684.JPG,1527,1771,299,542,1649.0,420.5,26
685,NARS-04_000685.JPG,1507,1752,470,719,1629.5,594.5,12
685,NARS-04_000685.JPG,1552,1796,353,555,1674.0,454.0,26
685,NARS-04_000685.JPG,5130,5416,809,1010,5273.0,909.5,24
685,NARS-04_000685.JPG,2322,2586,1902,2157,2454.0,2029.5,3
685,NARS-04_000685.JPG,1204,1425,75,366,1314.5,220.5,5
685,NARS-04_000685.JPG,1851,2082,3117,3368,1966.5,3242.5,7
685,NARS-04_000685.JPG,1031,1303,2923,3186,1167.0,3054.5,22
685,NARS-04_000685.JPG,5768,6019,2628,2817,5893.5,2722.5,23
685,NARS-04_000685.JPG,963,1214,862,1124,1088.5,993.0,25
687,NARS-04_000687.JPG,1516,1786,510,721,1651.0,615.5,12
687,NARS-04_000687.JPG,1582,1817,374,575,1699.5,474.5,26
687,NARS-04_000687.JPG,5160,5419,794,1036,5289.5,915.0,24
687,NARS-04_000687.JPG,1204,1477,141,414,1340.5,277.5,5
687,NARS-04_000687.JPG,2348,2604,1912,2151,2476.0,2031.5,3
687,NARS-04_000687.JPG,1887,2125,3112,3369,2006.0,3240.5,7
687,NARS-04_000687.JPG,1056,1319,2949,3194,1187.5,3071.5,22
687,NARS-04_000687.JPG,5758,5994,2582,2808,5876.0,2695.0,23
687,NARS-04_000687.JPG,953,1202,879,1119,1077.5,999.0,25
690,NARS-04_000690.JPG,1560,1765,489,724,1662.5,606.5,12
690,NARS-04_000690.JPG,1591,1835,388,579,1713.0,483.5,26
690,NARS-04_000690.JPG,1216,1484,159,431,1350.0,295.0,5
690,NARS-04_000690.JPG,5158,5428,771,1001,5293.0,886.0,24
690,NARS-04_000690.JPG,2371,2613,1901,2151,2492.0,2026.0,3
690,NARS-04_000690.JPG,1036,1271,2946,3205,1153.5,3075.5,22
690,NARS-04_000690.JPG,1903,2134,3133,3376,2018.5,3254.5,7
690,NARS-04_000690.JPG,5757,6004,2575,2812,5880.5,2693.5,23
690,NARS-04_000690.JPG,944,1216,887,1149,1080.0,1018.0,25
694,NARS-04_000694.JPG,1585,1813,363,570,1699.0,466.5,26
694,NARS-04_000694.JPG,1549,1753,480,701,1651.0,590.5,12
694,NARS-04_000694.JPG,1212,1477,162,438,1344.5,300.0,5
694,NARS-04_000694.JPG,2370,2617,1897,2112,2493.5,2004.5,3
694,NARS-04_000694.JPG,5187,5474,778,994,5330.5,886.0,24
694,NARS-04_000694.JPG,931,1205,915,1165,1068.0,1040.0,25
694,NARS-04_000694.JPG,5787,6032,2595,2807,5909.5,2701.0,23
695,NARS-04_000695.JPG,1584,1807,375,545,1695.5,460.0,26
695,NARS-04_000695.JPG,1528,1795,460,706,1661.5,583.0,12
695,NARS-04_000695.JPG,1213,1453,164,437,1333.0,300.5,5
695,NARS-04_000695.JPG,5212,5487,785,989,5349.5,887.0,24
695,NARS-04_000695.JPG,2383,2622,1901,2154,2502.5,2027.5,3
695,NARS-04_000695.JPG,925,1193,900,1167,1059.0,1033.5,25
695,NARS-04_000695.JPG,5797,6048,2606,2817,5922.5,2711.5,23
697,NARS-04_000697.JPG,1557,1796,286,490,1676.5,388.0,26
697,NARS-04_000697.JPG,1518,1772,368,673,1645.0,520.5,12
697,NARS-04_000697.JPG,5192,5487,798,1017,5339.5,907.5,24
697,NARS-04_000697.JPG,2367,2598,1923,2187,2482.5,2055.0,3
697,NARS-04_000697.JPG,1161,1418,127,403,1289.5,265.0,5
697,NARS-04_000697.JPG,835,1140,873,1154,987.5,1013.5,25
697,NARS-04_000697.JPG,5813,6073,2640,2837,5943.0,2738.5,23
698,NARS-04_000698.JPG,1549,1771,275,508,1660.0,391.5,26
698,NARS-04_000698.JPG,721,1073,837,1116,897.0,976.5,25
698,NARS-04_000698.JPG,5184,5483,802,1063,5333.5,932.5,24
698,NARS-04_000698.JPG,2338,2569,1920,2170,2453.5,2045.0,3
698,NARS-04_000698.JPG,1325,1636,399,686,1480.5,542.5,12
698,NARS-04_000698.JPG,5797,6044,2667,2894,5920.5,2780.5,23
698,NARS-04_000698.JPG,1094,1368,72,345,1231.0,208.5,5
707,NARS-04_000707.JPG,705,1048,791,1066,876.5,928.5,25
707,NARS-04_000707.JPG,5693,5971,2797,3052,5832.0,2924.5,23
707,NARS-04_000707.JPG,2193,2437,1809,2058,2315.0,1933.5,3
707,NARS-04_000707.JPG,1498,1738,229,489,1618.0,359.0,26
707,NARS-04_000707.JPG,5207,5543,790,1048,5375.0,919.0,24
707,NARS-04_000707.JPG,1265,1588,313,631,1426.5,472.0,5
707,NARS-04_000707.JPG,1014,1318,7,307,1166.0,157.0,9
708,NARS-04_000708.JPG,721,1050,792,1060,885.5,926.0,25
708,NARS-04_000708.JPG,5690,5973,2779,3041,5831.5,2910.0,23
708,NARS-04_000708.JPG,2196,2435,1816,2047,2315.5,1931.5,3
708,NARS-04_000708.JPG,1505,1736,248,476,1620.5,362.0,26
708,NARS-04_000708.JPG,5221,5535,805,1050,5378.0,927.5,24
708,NARS-04_000708.JPG,1271,1602,309,627,1436.5,468.0,5
708,NARS-04_000708.JPG,1017,1315,2,302,1166.0,152.0,9
713,NARS-04_000713.JPG,5669,5956,2733,2990,5812.5,2861.5,23
713,NARS-04_000713.JPG,756,1065,836,1105,910.5,970.5,25
713,NARS-04_000713.JPG,1487,1726,241,479,1606.5,360.0,26
713,NARS-04_000713.JPG,5209,5524,808,1023,5366.5,915.5,24
713,NARS-04_000713.JPG,2158,2413,1896,2141,2285.5,2018.5,3
713,NARS-04_000713.JPG,1205,1552,344,668,1378.5,506.0,5
713,NARS-04_000713.JPG,1043,1338,37,359,1190.5,198.0,9
717,NARS-04_000717.JPG,5677,5971,2796,3071,5824.0,2933.5,23
717,NARS-04_000717.JPG,731,1051,859,1140,891.0,999.5,25
717,NARS-04_000717.JPG,5242,5560,817,1032,5401.0,924.5,24
717,NARS-04_000717.JPG,2014,2338,1850,2090,2176.0,1970.0,3
717,NARS-04_000717.JPG,1118,1387,111,436,1252.5,273.5,5
717,NARS-04_000717.JPG,956,1264,402,690,1110.0,546.0,9
719,NARS-04_000719.JPG,734,1061,806,1111,897.5,958.5,25
719,NARS-04_000719.JPG,5682,5977,2799,3087,5829.5,2943.0,23
719,NARS-04_000719.JPG,1174,1473,234,574,1323.5,404.0,5
719,NARS-04_000719.JPG,5269,5583,823,1055,5426.0,939.0,24
719,NARS-04_000719.JPG,2049,2380,1783,2054,2214.5,1918.5,3
719,NARS-04_000719.JPG,1020,1332,37,392,1176.0,214.5,9
726,NARS-04_000726.JPG,2133,2433,1877,2142,2283.0,2009.5,3
726,NARS-04_000726.JPG,5722,6004,2721,2968,5863.0,2844.5,23
726,NARS-04_000726.JPG,5278,5579,825,1018,5428.5,921.5,24
726,NARS-04_000726.JPG,853,1151,850,1138,1002.0,994.0,25
726,NARS-04_000726.JPG,1395,1635,524,809,1515.0,666.5,12
726,NARS-04_000726.JPG,1101,1375,49,379,1238.0,214.0,5
729,NARS-04_000729.JPG,5263,5590,840,1011,5426.5,925.5,24
729,NARS-04_000729.JPG,2079,2392,1769,2036,2235.5,1902.5,3
729,NARS-04_000729.JPG,1440,1675,567,850,1557.5,708.5,12
729,NARS-04_000729.JPG,5703,5976,2654,2888,5839.5,2771.0,23
729,NARS-04_000729.JPG,989,1309,1,331,1149.0,166.0,9
729,NARS-04_000729.JPG,906,1199,893,1170,1052.5,1031.5,25
734,NARS-04_000734.JPG,5621,5930,2739,3046,5775.5,2892.5,23
734,NARS-04_000734.JPG,2175,2459,1844,2123,2317.0,1983.5,3
734,NARS-04_000734.JPG,5271,5587,832,1002,5429.0,917.0,24
734,NARS-04_000734.JPG,1415,1637,506,786,1526.0,646.0,12
734,NARS-04_000734.JPG,870,1158,850,1139,1014.0,994.5,25
734,NARS-04_000734.JPG,1047,1344,3,340,1195.5,171.5,9
736,NARS-04_000736.JPG,5630,5928,2772,3060,5779.0,2916.0,23
736,NARS-04_000736.JPG,2152,2427,1836,2097,2289.5,1966.5,3
736,NARS-04_000736.JPG,834,1107,832,1107,970.5,969.5,25
736,NARS-04_000736.JPG,5314,5590,825,993,5452.0,909.0,24
736,NARS-04_000736.JPG,1345,1603,437,707,1474.0,572.0,12
736,NARS-04_000736.JPG,1041,1335,2,324,1188.0,163.0,9
743,NARS-04_000743.JPG,2162,2457,1757,2058,2309.5,1907.5,3
743,NARS-04_000743.JPG,5701,5993,2729,3024,5847.0,2876.5,23
743,NARS-04_000743.JPG,826,1116,835,1121,971.0,978.0,25
743,NARS-04_000743.JPG,5273,5617,823,1037,5445.0,930.0,24
743,NARS-04_000743.JPG,1006,1316,4,350,1161.0,177.0,9
743,NARS-04_000743.JPG,1273,1595,353,657,1434.0,505.0,5
744,NARS-04_000744.JPG,2156,2455,1747,2050,2305.5,1898.5,3
744,NARS-04_000744.JPG,5696,5991,2733,3026,5843.5,2879.5,23
744,NARS-04_000744.JPG,802,1111,822,1112,956.5,967.0,25
744,NARS-04_000744.JPG,5245,5614,829,997,5429.5,913.0,24
744,NARS-04_000744.JPG,990,1318,2,324,1154.0,163.0,9
744,NARS-04_000744.JPG,1285,1600,369,669,1442.5,519.0,5
746,NARS-04_000746.JPG,761,1051,788,1075,906.0,931.5,25
746,NARS-04_000746.JPG,5667,5980,2751,3052,5823.5,2901.5,23
746,NARS-04_000746.JPG,2135,2432,1739,2043,2283.5,1891.0,3
746,NARS-04_000746.JPG,5261,5615,831,1002,5438.0,916.5,24
746,NARS-04_000746.JPG,972,1296,0,311,1134.0,155.5,9
746,NARS-04_000746.JPG,1260,1582,336,643,1421.0,489.5,5
751,NARS-04_000751.JPG,771,1066,805,1087,918.5,946.0,25
751,NARS-04_000751.JPG,5672,5977,2736,3042,5824.5,2889.0,23
751,NARS-04_000751.JPG,2121,2427,1728,2046,2274.0,1887.0,3
751,NARS-04_000751.JPG,5276,5617,825,1018,5446.5,921.5,24
751,NARS-04_000751.JPG,984,1302,0,334,1143.0,167.0,9
751,NARS-04_000751.JPG,1260,1586,336,629,1423.0,482.5,5
754,NARS-04_000754.JPG,791,1097,816,1097,944.0,956.5,25
754,NARS-04_000754.JPG,5686,5984,2722,3005,5835.0,2863.5,23
754,NARS-04_000754.JPG,2134,2433,1742,2050,2283.5,1896.0,3
754,NARS-04_000754.JPG,5257,5613,828,995,5435.0,911.5,24
754,NARS-04_000754.JPG,1023,1325,1,338,1174.0,169.5,9
754,NARS-04_000754.JPG,1277,1592,363,647,1434.5,505.0,5
755,NARS-04_000755.JPG,804,1077,824,1099,940.5,961.5,25
755,NARS-04_000755.JPG,2142,2427,1760,2038,2284.5,1899.0,3
755,NARS-04_000755.JPG,5702,5980,2729,2994,5841.0,2861.5,23
755,NARS-04_000755.JPG,5304,5607,832,1000,5455.5,916.0,24
755,NARS-04_000755.JPG,1296,1585,368,638,1440.5,503.0,5
755,NARS-04_000755.JPG,1041,1326,2,324,1183.5,163.0,9
760,NARS-04_000760.JPG,2203,2469,1795,2073,2336.0,1934.0,3
760,NARS-04_000760.JPG,5702,5980,2721,2968,5841.0,2844.5,23
760,NARS-04_000760.JPG,827,1100,855,1116,963.5,985.5,25
760,NARS-04_000760.JPG,5301,5604,829,993,5452.5,911.0,24
760,NARS-04_000760.JPG,1361,1614,414,684,1487.5,549.0,12
760,NARS-04_000760.JPG,1105,1361,44,366,1233.0,205.0,9
762,NARS-04_000762.JPG,2204,2484,1788,2085,2344.0,1936.5,3
762,NARS-04_000762.JPG,5690,5981,2710,2982,5835.5,2846.0,23
762,NARS-04_000762.JPG,820,1108,841,1126,964.0,983.5,25
762,NARS-04_000762.JPG,5259,5608,819,997,5433.5,908.0,24
762,NARS-04_000762.JPG,1353,1621,412,683,1487.0,547.5,12
762,NARS-04_000762.JPG,1099,1363,38,371,1231.0,204.5,9
769,NARS-04_000769.JPG,2168,2447,1754,2045,2307.5,1899.5,3
769,NARS-04_000769.JPG,5666,5967,2793,3093,5816.5,2943.0,23
769,NARS-04_000769.JPG,948,1274,3,334,1111.0,168.5,9
769,NARS-04_000769.JPG,1197,1528,283,574,1362.5,428.5,5
769,NARS-04_000769.JPG,678,967,793,1070,822.5,931.5,25
769,NARS-04_000769.JPG,5280,5626,845,1047,5453.0,946.0,24
769,NARS-04_000769.JPG,43,229,2165,2329,136.0,2247.0,20
772,NARS-04_000772.JPG,929,1253,0,318,1091.0,159.0,9
772,NARS-04_000772.JPG,5636,5946,2784,3089,5791.0,2936.5,23
772,NARS-04_000772.JPG,2142,2419,1734,2027,2280.5,1880.5,3
772,NARS-04_000772.JPG,1210,1533,262,556,1371.5,409.0,5
772,NARS-04_000772.JPG,5283,5634,846,1064,5458.5,955.0,24
772,NARS-04_000772.JPG,609,909,753,1043,759.0,898.0,25
772,NARS-04_000772.JPG,19,243,2150,2337,131.0,2243.5,20
778,NARS-04_000778.JPG,1235,1539,227,518,1387.0,372.5,5
778,NARS-04_000778.JPG,931,1238,5,301,1084.5,153.0,9
778,NARS-04_000778.JPG,5638,5926,2793,3068,5782.0,2930.5,23
778,NARS-04_000778.JPG,2162,2428,1713,1991,2295.0,1852.0,3
778,NARS-04_000778.JPG,5307,5619,832,1059,5463.0,945.5,24
778,NARS-04_000778.JPG,620,903,743,1032,761.5,887.5,25
778,NARS-04_000778.JPG,56,281,2132,2310,168.5,2221.0,20
780,NARS-04_000780.JPG,5638,5939,2793,3068,5788.5,2930.5,23
780,NARS-04_000780.JPG,2162,2428,1713,1991,2295.0,1852.0,3
780,NARS-04_000780.JPG,728,971,853,1093,849.5,973.0,25
780,NARS-04_000780.JPG,1304,1587,293,549,1445.5,421.0,5
780,NARS-04_000780.JPG,998,1282,8,320,1140.0,164.0,9
780,NARS-04_000780.JPG,5307,5619,852,1059,5463.0,955.5,24
780,NARS-04_000780.JPG,56,281,2132,2310,168.5,2221.0,20
783,NARS-04_000783.JPG,5624,5934,2767,3073,5779.0,2920.0,23
783,NARS-04_000783.JPG,946,1265,5,322,1105.5,163.5,9
783,NARS-04_000783.JPG,2184,2474,1736,2025,2329.0,1880.5,3
783,NARS-04_000783.JPG,1309,1598,236,536,1453.5,386.0,5
783,NARS-04_000783.JPG,649,941,794,1078,795.0,936.0,25
783,NARS-04_000783.JPG,5332,5621,838,1046,5476.5,942.0,24
783,NARS-04_000783.JPG,47,298,2134,2326,172.5,2230.0,20
784,NARS-04_000784.JPG,941,1272,0,326,1106.5,163.0,9
784,NARS-04_000784.JPG,5621,5939,2785,3078,5780.0,2931.5,23
784,NARS-04_000784.JPG,2184,2470,1736,2024,2327.0,1880.0,3
784,NARS-04_000784.JPG,1301,1599,234,536,1450.0,385.0,5
784,NARS-04_000784.JPG,5314,5634,845,1046,5474.0,945.5,24
784,NARS-04_000784.JPG,644,927,797,1077,785.5,937.0,25
784,NARS-04_000784.JPG,68,316,2140,2329,192.0,2234.5,20
785,NARS-04_000785.JPG,943,1252,1,313,1097.5,157.0,9
785,NARS-04_000785.JPG,5629,5937,2775,3074,5783.0,2924.5,23
785,NARS-04_000785.JPG,1294,1591,222,523,1442.5,372.5,5
785,NARS-04_000785.JPG,2179,2463,1727,2016,2321.0,1871.5,3
785,NARS-04_000785.JPG,5308,5585,845,1042,5446.5,943.5,24
785,NARS-04_000785.JPG,619,917,784,1062,768.0,923.0,25
785,NARS-04_000785.JPG,81,319,2138,2324,200.0,2231.0,20
794,NARS-04_000794.JPG,871,1209,0,249,1040.0,124.5,9
794,NARS-04_000794.JPG,1225,1515,276,522,1370.0,399.0,5
794,NARS-04_000794.JPG,2180,2400,1726,2001,2290.0,1863.5,3
794,NARS-04_000794.JPG,5610,5918,2829,3128,5764.0,2978.5,23
794,NARS-04_000794.JPG,5318,5608,872,1117,5463.0,994.5,24
794,NARS-04_000794.JPG,578,880,768,1054,729.0,911.0,25
794,NARS-04_000794.JPG,-2,220,2103,2399,109.0,2251.0,20
805,NARS-04_000805.JPG,937,1258,5,274,1097.5,139.5,9
805,NARS-04_000805.JPG,2146,2380,1799,2038,2263.0,1918.5,3
805,NARS-04_000805.JPG,5274,5597,836,1065,5435.5,950.5,24
805,NARS-04_000805.JPG,5619,5916,2807,3092,5767.5,2949.5,23
805,NARS-04_000805.JPG,1245,1456,279,550,1350.5,414.5,5
805,NARS-04_000805.JPG,656,958,758,1053,807.0,905.5,25
805,NARS-04_000805.JPG,86,416,2318,2548,251.0,2433.0,20
807,NARS-04_000807.JPG,902,1214,28,243,1058.0,135.5,9
807,NARS-04_000807.JPG,2144,2381,1757,2034,2262.5,1895.5,3
807,NARS-04_000807.JPG,1249,1454,258,534,1351.5,396.0,5
807,NARS-04_000807.JPG,666,971,720,1041,818.5,880.5,25
807,NARS-04_000807.JPG,5300,5637,854,1074,5468.5,964.0,24
807,NARS-04_000807.JPG,37,400,2287,2536,218.5,2411.5,20
808,NARS-04_000808.JPG,2160,2402,1779,2042,2281.0,1910.5,3
808,NARS-04_000808.JPG,1249,1454,258,534,1351.5,396.0,5
808,NARS-04_000808.JPG,5300,5637,854,1074,5468.5,964.0,24
808,NARS-04_000808.JPG,652,926,704,1039,789.0,871.5,25
808,NARS-04_000808.JPG,36,395,2285,2530,215.5,2407.5,20
809,NARS-04_000809.JPG,2166,2408,1770,2033,2287.0,1901.5,3
809,NARS-04_000809.JPG,1261,1466,244,520,1363.5,382.0,5
809,NARS-04_000809.JPG,5300,5637,854,1074,5468.5,964.0,24
809,NARS-04_000809.JPG,585,882,675,1033,733.5,854.0,25
809,NARS-04_000809.JPG,2,349,2158,2449,175.5,2303.5,20
810,NARS-04_000810.JPG,5270,5578,843,1082,5424.0,962.5,24
810,NARS-04_000810.JPG,1245,1439,257,534,1342.0,395.5,5
810,NARS-04_000810.JPG,558,850,679,983,704.0,831.0,25
810,NARS-04_000810.JPG,1,279,2105,2410,140.0,2257.5,20
811,NARS-04_000811.JPG,1248,1447,248,525,1347.5,386.5,5
811,NARS-04_000811.JPG,5312,5595,852,1083,5453.5,967.5,24
811,NARS-04_000811.JPG,572,852,675,962,712.0,818.5,25
811,NARS-04_000811.JPG,2,247,2071,2357,124.5,2214.0,20
812,NARS-04_000812.JPG,5279,5587,852,1073,5433.0,962.5,24
812,NARS-04_000812.JPG,1215,1431,269,524,1323.0,396.5,5
812,NARS-04_000812.JPG,567,856,677,1020,711.5,848.5,25
812,NARS-04_000812.JPG,1,253,2075,2391,127.0,2233.0,20
815,NARS-04_000815.JPG,486,798,643,938,642.0,790.5,25
815,NARS-04_000815.JPG,1,191,2068,2373,96.0,2220.5,20
817,NARS-04_000817.JPG,545,841,677,967,693.0,822.0,25
817,NARS-04_000817.JPG,1,304,2079,2394,152.5,2236.5,20
822,NARS-04_000822.JPG,542,821,704,970,681.5,837.0,25
822,NARS-04_000822.JPG,1,256,2089,2390,128.5,2239.5,20
828,NARS-04_000828.JPG,569,846,702,972,707.5,837.0,25
828,NARS-04_000828.JPG,4,272,2065,2378,138.0,2221.5,20
829,NARS-04_000829.JPG,554,837,716,976,695.5,846.0,25
829,NARS-04_000829.JPG,1,261,2073,2385,131.0,2229.0,20
830,NARS-04_000830.JPG,565,855,704,987,710.0,845.5,25
830,NARS-04_000830.JPG,1,284,2082,2393,142.5,2237.5,20
833,NARS-04_000833.JPG,584,857,706,989,720.5,847.5,25
833,NARS-04_000833.JPG,0,302,2061,2370,151.0,2215.5,20
835,NARS-04_000835.JPG,594,846,732,985,720.0,858.5,25
835,NARS-04_000835.JPG,2,283,2088,2374,142.5,2231.0,20
845,NARS-04_000845.JPG,657,903,761,1001,780.0,881.0,25
845,NARS-04_000845.JPG,0,317,2064,2376,158.5,2220.0,20
846,NARS-04_000846.JPG,654,900,754,1005,777.0,879.5,25
846,NARS-04_000846.JPG,1,327,2065,2369,164.0,2217.0,20
848,NARS-04_000848.JPG,3,316,2072,2371,159.5,2221.5,20
851,NARS-04_000851.JPG,1,326,2079,2387,163.5,2233.0,20
854,NARS-04_000854.JPG,-2,338,2087,2401,168.0,2244.0,20
855,NARS-04_000855.JPG,7,338,2096,2394,172.5,2245.0,20
859,NARS-04_000859.JPG,7,338,2096,2394,172.5,2245.0,20
860,NARS-04_000860.JPG,1,332,2114,2409,166.5,2261.5,20
862,NARS-04_000862.JPG,2,311,2148,2428,156.5,2288.0,20
865,NARS-04_000865.JPG,0,286,2118,2420,143.0,2269.0,20
866,NARS-04_000866.JPG,2,264,2117,2412,133.0,2264.5,20
870,NARS-04_000870.JPG,0,275,2113,2418,137.5,2265.5,20
871,NARS-04_000871.JPG,0,281,2115,2421,140.5,2268.0,20
876,NARS-04_000876.JPG,1,284,2109,2415,142.5,2262.0,20
879,NARS-04_000879.JPG,3,278,2132,2420,140.5,2276.0,20
883,NARS-04_000883.JPG,5,273,2175,2462,139.0,2318.5,20
885,NARS-04_000885.JPG,121,446,2271,2548,283.5,2409.5,20
886,NARS-04_000886.JPG,97,449,2271,2555,273.0,2413.0,20
